"id","First_Name","Last_Name","phoneNumber","emailAddress","streetAddress","city","state","zip"
1,Zyad,Khan,"123-456-7890",zyad@email.com,"123 Khan Street",Westminster,MD,"21157"
2,Gwyn,Bolsover,"937-205-5613",gbolsover1@theglobeandmail.com,"482 Burning Wood Crossing",Dayton,OH,"45419"
3,Yale,Redington,"971-772-8045",yredington2@prlog.org,"446 Wayridge Junction",Portland,OR,"97255"
4,Arie,Sussex,"404-381-8356",asussex3@va.gov,"64 Elmside Parkway",Atlanta,GA,"30368"
5,Nannie,Shoulder,"210-457-2648",nshoulder4@yandex.ru,"8747 Fordem Park",San Antonio,TX,"78225"
6,Durward,Bambery,"804-844-0503",dbambery5@opensource.org,"9547 Crownhardt Circle",Richmond,VA,"23208"
7,Addy,Longley,"719-580-5557",alongley6@cmu.edu,"1 Ruskin Point",Colorado Springs,CO,"80930"
8,Lalo,Renachowski,"505-360-8864",lrenachowski7@posterous.com,"089 Debs Hill",Albuquerque,NM,"87105"
9,Robena,Cogdell,"571-915-4499",rcogdell8@cnet.com,"40155 Vidon Parkway",Alexandria,VA,"22333"
10,Sydney,Surmeyers,"504-241-2207",ssurmeyers9@xrea.com,"1 Victoria Crossing",New Orleans,LA,"70183"
11,Fonsie,Clampe,"682-181-9854",fclampea@odnoklassniki.ru,"6231 Oakridge Trail",Fort Worth,TX,"76178"
12,Arman,Hacquard,"918-880-4510",ahacquardb@ocn.ne.jp,"0562 Merrick Hill",Tulsa,OK,"74103"
13,Clementine,Rayer,"602-618-0427",crayerc@addthis.com,"077 Melrose Hill",Phoenix,AZ,"85010"
14,Carly,Chasmor,"336-137-3319",cchasmord@apple.com,"7 Green Pass",Greensboro,NC,"27425"
15,Jenica,Ajsik,"415-962-3542",jajsike@latimes.com,"01374 Oak Avenue",San Rafael,CA,"94913"
16,Lorette,Rustedge,"281-855-7233",lrustedgef@ustream.tv,"7724 Browning Hill",Houston,TX,"77035"
17,Rebekkah,Bogges,"617-168-2423",rboggesg@shop-pro.jp,"7 Lindbergh Trail",Watertown,MA,"02472"
18,Ryley,Thomas,"806-146-3969",rthomash@sourceforge.net,"630 Armistice Road",Lubbock,TX,"79491"
19,Lorene,Champney,"202-174-8148",lchampneyi@blogger.com,"2 Talmadge Center",Washington,DC,"20580"
20,Caro,Petroff,"408-227-6134",cpetroffj@exblog.jp,"851 Mariners Cove Terrace",San Jose,CA,"95118"
21,Raoul,Dagleas,"281-472-3258",rdagleask@csmonitor.com,"089 Pankratz Drive",Houston,TX,"77045"
22,Tailor,Baldoni,"215-100-2665",tbaldonil@cam.ac.uk,"9 Lighthouse Bay Avenue",Philadelphia,PA,"19160"
23,Zachery,Kaesmakers,"801-710-4720",zkaesmakersm@ebay.co.uk,"56 Dahle Place",Salt Lake City,UT,"84115"
24,Kippy,Docker,"559-628-6706",kdockern@oracle.com,"3543 David Point",Fresno,CA,"93726"
25,Dyana,De Biasi,"816-182-2561",ddebiasio@storify.com,"9485 Vernon Street",Lees Summit,MO,"64082"
26,Geri,Haigh,"704-811-0207",ghaighp@behance.net,"17721 Sachs Way",Charlotte,NC,"28278"
27,Kearney,Meco,"612-955-9646",kmecoq@telegraph.co.uk,"02500 Delladonna Court",Saint Paul,MN,"55114"
28,Emelia,Bramo,"602-372-5721",ebramor@vk.com,"8978 Waxwing Place",Glendale,AZ,"85305"
29,Angelika,Merigot,"718-154-6504",amerigots@fotki.com,"908 Lukken Avenue",Brooklyn,NY,"11225"
30,Zed,Hulland,"901-799-9523",zhullandt@seattletimes.com,"35805 Prairieview Terrace",Memphis,TN,"38181"
31,Hailey,Laux,"813-366-1746",hlauxu@earthlink.net,"780 Sundown Circle",Tampa,FL,"33694"
32,Udell,Brinkler,"541-517-7922",ubrinklerv@spiegel.de,"7 Scott Alley",Eugene,OR,"97405"
33,Kristoffer,Landor,"915-567-7328",klandorw@cam.ac.uk,"09 1st Pass",El Paso,TX,"88589"
34,Sileas,Piggins,"214-704-4375",spigginsx@mlb.com,"990 Del Sol Crossing",Dallas,TX,"75216"
35,Corabella,Yorath,"508-296-6796",cyorathy@kickstarter.com,"4 Forest Run Circle",Worcester,MA,"01605"
36,Elise,Perrins,"601-187-2379",eperrinsz@patch.com,"34 Forest Run Junction",Meridian,MS,"39305"
37,Andre,Tussaine,"503-617-3708",atussaine10@homestead.com,"000 Spenser Park",Portland,OR,"97296"
38,Mordy,Bonnyson,"571-962-7661",mbonnyson11@shop-pro.jp,"86 Utah Avenue",Arlington,VA,"22225"
39,Birdie,Scougal,"502-719-3558",bscougal12@fc2.com,"7207 Namekagon Circle",Louisville,KY,"40225"
40,Alyss,Schimke,"336-245-6510",aschimke13@nyu.edu,"3588 Rutledge Plaza",Winston Salem,NC,"27157"
41,Engelbert,Connaughton,"612-526-9706",econnaughton14@t.co,"6 Jenna Crossing",Minneapolis,MN,"55470"
42,Leoine,Dewitt,"234-355-0947",ldewitt15@cbsnews.com,"05 Golf Crossing",Akron,OH,"44393"
43,Leupold,D'Almeida,"936-995-5828",ldalmeida16@merriam-webster.com,"97449 Spohn Junction",Conroe,TX,"77305"
44,Hynda,Crank,"615-982-3274",hcrank17@theatlantic.com,"530 Sheridan Junction",Murfreesboro,TN,"37131"
45,Cesaro,Carverhill,"407-295-8102",ccarverhill18@about.me,"3 Tony Terrace",Orlando,FL,"32859"
46,Mikel,Olyff,"347-704-9699",molyff19@bloglines.com,"76004 Banding Plaza",New York City,NY,"10270"
47,Ansell,Thorouggood,"785-120-2677",athorouggood1a@symantec.com,"1941 Schlimgen Alley",Topeka,KS,"66667"
48,Dewie,Tizzard,"716-858-8703",dtizzard1b@nymag.com,"14836 Fulton Lane",Buffalo,NY,"14220"
49,Valentin,Redhouse,"731-359-3765",vredhouse1c@twitpic.com,"17 Morningstar Alley",Jackson,TN,"38308"
50,Midge,Hillett,"570-770-3241",mhillett1d@phoca.cz,"9417 Mifflin Crossing",Wilkes Barre,PA,"18768"
51,Kelly,Bernasek,"857-184-6539",kbernasek1e@people.com.cn,"23 Eagle Crest Terrace",Watertown,MA,"02472"
52,Aldon,Beynkn,"916-333-0190",abeynkn1f@live.com,"125 Mccormick Lane",Sacramento,CA,"94207"
53,Valentino,Hotson,"509-577-7174",vhotson1g@businessinsider.com,"01251 Bonner Place",Spokane,WA,"99205"
54,Morey,Collyer,"571-395-3213",mcollyer1h@stumbleupon.com,"78 Arizona Junction",Dulles,VA,"20189"
55,Dael,Boswell,"850-944-0128",dboswell1i@skyrock.com,"3 Sachs Drive",Pensacola,FL,"32595"
56,Darell,Hunstone,"415-252-2928",dhunstone1j@webnode.com,"0 Longview Court",San Francisco,CA,"94154"
57,Nye,Hellmer,"972-467-5759",nhellmer1k@liveinternet.ru,"15 Eagan Parkway",Dallas,TX,"75231"
58,Janine,Grube,"662-859-5391",jgrube1l@stumbleupon.com,"8 Brown Place",Columbus,MS,"39705"
59,Nat,Greenshiels,"864-478-0844",ngreenshiels1m@nsw.gov.au,"167 Alpine Plaza",Anderson,SC,"29625"
60,Ethelred,Dahlgren,"917-272-8432",edahlgren1n@ocn.ne.jp,"21 Thierer Pass",New York City,NY,"10029"
61,Matthaeus,Thornebarrow,"651-337-4570",mthornebarrow1o@microsoft.com,"20246 Mitchell Parkway",Saint Paul,MN,"55146"
62,Gawain,Walkingshaw,"503-520-1127",gwalkingshaw1p@japanpost.jp,"7136 Bultman Plaza",Portland,OR,"97221"
63,Arch,Hizir,"478-217-9724",ahizir1q@barnesandnoble.com,"47136 Eagle Crest Pass",Macon,GA,"31205"
64,Faun,Dilloway,"323-233-2739",fdilloway1r@cnbc.com,"1 Cascade Park",Los Angeles,CA,"90065"
65,Eunice,Creegan,"513-467-4336",ecreegan1s@archive.org,"253 Manufacturers Place",Cincinnati,OH,"45271"
66,Ogdon,Pickle,"214-543-0429",opickle1t@creativecommons.org,"21902 Almo Way",Dallas,TX,"75367"
67,Kipp,Suttell,"281-910-0661",ksuttell1u@joomla.org,"135 Vermont Avenue",Houston,TX,"77010"
68,Lishe,Stathers,"850-776-1010",lstathers1v@techcrunch.com,"596 Hallows Park",Pensacola,FL,"32590"
69,Frankie,Machon,"757-279-8972",fmachon1w@businesswire.com,"232 Roth Alley",Norfolk,VA,"23514"
70,Josey,Revill,"520-703-2005",jrevill1x@cam.ac.uk,"23 Hoard Court",Tucson,AZ,"85710"
71,Kirsteni,Phillcock,"337-798-5203",kphillcock1y@jimdo.com,"78 Petterle Drive",Lafayette,LA,"70593"
72,Simone,Mordon,"617-219-1974",smordon1z@cyberchimps.com,"11887 Bluestem Alley",Boston,MA,"02114"
73,Simonette,Slora,"305-602-0895",sslora20@umich.edu,"1197 Farragut Park",Miami Beach,FL,"33141"
74,Flora,Delicate,"517-995-9014",fdelicate21@blogs.com,"76636 Tony Crossing",Lansing,MI,"48901"
75,Cecilla,Dunstone,"414-137-9102",cdunstone22@wufoo.com,"32777 Heath Way",Milwaukee,WI,"53234"
76,Letti,MacLise,"856-236-6437",lmaclise23@livejournal.com,"11882 Ryan Street",Camden,NJ,"08104"
77,Stinky,Zohrer,"304-283-7129",szohrer24@hibu.com,"687 Nobel Junction",Charleston,WV,"25321"
78,Paulita,Hayler,"559-243-0800",phayler25@nytimes.com,"558 Holy Cross Junction",Fresno,CA,"93726"
79,Rolph,Cicullo,"808-968-8193",rcicullo26@nytimes.com,"611 Haas Road",Honolulu,HI,"96850"
80,Laurie,Pilch,"225-210-9764",lpilch27@businesswire.com,"918 Cottonwood Place",Baton Rouge,LA,"70883"
81,Myca,Niven,"432-931-5227",mniven28@mashable.com,"015 Harbort Circle",Odessa,TX,"79764"
82,Tulley,Blacktin,"914-432-8610",tblacktin29@parallels.com,"680 Fieldstone Lane",Mount Vernon,NY,"10557"
83,Shannah,Senechault,"919-164-8384",ssenechault2a@mail.ru,"06 Eagle Crest Court",Raleigh,NC,"27626"
84,Rafaelita,Brazear,"612-955-7878",rbrazear2b@msn.com,"4475 Mockingbird Lane",Minneapolis,MN,"55470"
85,Emlen,Couche,"863-421-7666",ecouche2c@gmpg.org,"7345 Lawn Terrace",Lakeland,FL,"33805"
86,Brena,Trammel,"212-768-8056",btrammel2d@constantcontact.com,"9 Dixon Avenue",Jamaica,NY,"11499"
87,Gwen,Hexum,"919-397-7960",ghexum2e@senate.gov,"4 Esker Pass",Raleigh,NC,"27635"
88,Arleyne,Micklewicz,"785-578-7812",amicklewicz2f@photobucket.com,"6 Linden Hill",Topeka,KS,"66611"
89,Graehme,Towe,"702-112-4869",gtowe2g@shutterfly.com,"16401 Montana Road",Las Vegas,NV,"89178"
90,Uriel,Gull,"412-842-1633",ugull2h@hibu.com,"834 Superior Point",Pittsburgh,PA,"15225"
91,Town,Alsop,"909-678-0091",talsop2i@cnet.com,"1576 Oak Valley Place",Riverside,CA,"92505"
92,Hussein,Plume,"410-701-6899",hplume2j@cnn.com,"97288 Messerschmidt Alley",Baltimore,MD,"21203"
93,Cullen,Grimsell,"586-322-9095",cgrimsell2k@quantcast.com,"58 Reindahl Hill",Warren,MI,"48092"
94,Tallulah,Drewell,"864-881-1538",tdrewell2l@icq.com,"678 Lakewood Way",Greenville,SC,"29615"
95,Arlen,Boutell,"727-100-8189",aboutell2m@google.pl,"55 Emmet Alley",Saint Petersburg,FL,"33715"
96,Michaella,Porson,"802-548-7877",mporson2n@apple.com,"9 Pennsylvania Court",Montpelier,VT,"05609"
97,Corinna,Grief,"773-973-0629",cgrief2o@tinyurl.com,"94 Starling Plaza",Chicago,IL,"60609"
98,Rhoda,Arnaldi,"318-422-3666",rarnaldi2p@utexas.edu,"4 Weeping Birch Hill",Shreveport,LA,"71115"
99,Madelyn,Cowtherd,"786-688-6410",mcowtherd2q@mapy.cz,"5 Fieldstone Terrace",Miami,FL,"33164"
100,Hedwiga,Maly,"314-655-6731",hmaly2r@example.com,"221 Longview Road",Saint Louis,MO,"63136"
101,Steffane,Granleese,"940-856-1135",sgranleese2s@thetimes.co.uk,"0066 Nevada Pass",Wichita Falls,TX,"76305"
102,Hanson,Brackenbury,"775-251-5646",hbrackenbury2t@nba.com,"950 Kenwood Parkway",Reno,NV,"89550"
103,Wilie,Greenard,"203-682-9338",wgreenard2u@comsenz.com,"3 Elmside Junction",Stamford,CT,"06905"
104,Paule,Sulter,"504-574-8712",psulter2v@seesaa.net,"5 Coolidge Road",Metairie,LA,"70033"
105,Linus,Riseley,"814-363-7032",lriseley2w@netlog.com,"66044 Lake View Junction",Erie,PA,"16522"
106,Bret,Mugleston,"727-846-2389",bmugleston2x@google.co.uk,"55087 Barnett Avenue",Saint Petersburg,FL,"33731"
107,Adriana,Rayment,"202-122-0515",arayment2y@google.com.br,"99 Linden Hill",Washington,DC,"20215"
108,Duke,Greenstock,"515-744-7981",dgreenstock2z@howstuffworks.com,"3 Kedzie Crossing",Des Moines,IA,"50369"
109,Shoshana,McKevany,"310-912-5323",smckevany30@google.de,"29702 Ridgeway Drive",Garden Grove,CA,"92844"
110,Court,Broe,"404-467-0419",cbroe31@dagondesign.com,"9876 3rd Parkway",Atlanta,GA,"30343"
111,Rock,Ellwand,"334-108-4694",rellwand32@cnbc.com,"454 Vidon Drive",Montgomery,AL,"36134"
112,Eugen,Daly,"402-769-8551",edaly33@twitpic.com,"2443 Norway Maple Street",Omaha,NE,"68134"
113,Karen,Lincoln,"804-140-3131",klincoln34@example.com,"40 Ruskin Avenue",Richmond,VA,"23277"
114,Had,Barnewell,"303-318-6766",hbarnewell35@woothemes.com,"91204 Mockingbird Terrace",Englewood,CO,"80150"
115,Barny,Sinncock,"319-322-8498",bsinncock36@freewebs.com,"0576 Loomis Crossing",Waterloo,IA,"50706"
116,Suellen,Miller,"336-974-3590",smiller37@hatena.ne.jp,"4340 East Trail",Greensboro,NC,"27415"
117,Elvis,Sustin,"404-807-2568",esustin38@wix.com,"334 Butterfield Hill",Atlanta,GA,"30301"
118,Courtnay,Longman,"901-162-8416",clongman39@about.com,"6902 Ridge Oak Pass",Memphis,TN,"38136"
119,Lorrayne,Nutbeem,"703-997-5445",lnutbeem3a@tripod.com,"0955 Hanover Parkway",Alexandria,VA,"22301"
120,Alan,Rodgers,"508-167-0379",arodgers3b@de.vu,"8 Mallard Drive",Newton,MA,"02162"
121,Trix,July,"412-723-0579",tjuly3c@prweb.com,"471 Sugar Way",Pittsburgh,PA,"15279"
122,Chery,Isakov,"559-968-8788",cisakov3d@domainmarket.com,"8882 Lukken Parkway",Fresno,CA,"93715"
123,Thorny,Ferrieroi,"404-961-6547",tferrieroi3e@illinois.edu,"163 Derek Alley",Atlanta,GA,"30336"
124,Whitney,Gallego,"516-705-7548",wgallego3f@skyrock.com,"2 Beilfuss Alley",Great Neck,NY,"11024"
125,Ardisj,Stansbury,"559-160-4211",astansbury3g@disqus.com,"231 Arkansas Place",Fresno,CA,"93773"
126,Jeanelle,Eisenberg,"707-275-3053",jeisenberg3h@free.fr,"9 Susan Lane",Petaluma,CA,"94975"
127,Leshia,Duinkerk,"518-504-3409",lduinkerk3i@tumblr.com,"96 Knutson Terrace",Albany,NY,"12242"
128,Rufe,Amthor,"817-347-2901",ramthor3j@chicagotribune.com,"3 Westport Crossing",Fort Worth,TX,"76129"
129,Adey,Eccersley,"413-174-4699",aeccersley3k@earthlink.net,"304 Glacier Hill Parkway",Springfield,MA,"01152"
130,Josee,Smogur,"626-271-6905",jsmogur3l@dropbox.com,"45 Lunder Trail",Burbank,CA,"91520"
131,Reba,Ziemke,"217-458-1263",rziemke3m@comcast.net,"2961 Corscot Crossing",Springfield,IL,"62794"
132,Gillan,Koch,"205-250-1818",gkoch3n@loc.gov,"26311 Pepper Wood Avenue",Birmingham,AL,"35220"
133,Ernesto,Dightham,"843-858-8725",edightham3o@springer.com,"026 Old Shore Hill",Myrtle Beach,SC,"29579"
134,Flss,Klug,"616-815-1132",fklug3p@unicef.org,"81 Maple Crossing",Grand Rapids,MI,"49505"
135,Dora,Kedie,"505-683-1246",dkedie3q@earthlink.net,"7511 Old Shore Plaza",Albuquerque,NM,"87195"
136,Maddie,Alasdair,"786-108-2932",malasdair3r@odnoklassniki.ru,"799 Old Gate Road",Miami,FL,"33111"
137,Ford,Matysik,"203-788-7298",fmatysik3s@delicious.com,"0 Superior Point",Bridgeport,CT,"06606"
138,Hunter,Prosch,"318-807-4825",hprosch3t@booking.com,"5 Golf View Crossing",Alexandria,LA,"71307"
139,Raimund,Lawden,"513-911-4475",rlawden3u@statcounter.com,"1 Manitowish Center",Cincinnati,OH,"45208"
140,Fairleigh,Carlton,"253-807-9107",fcarlton3v@trellian.com,"51 Sutteridge Road",Tacoma,WA,"98481"
141,Johannes,Sante,"404-661-7717",jsante3w@hostgator.com,"4 Menomonie Plaza",Atlanta,GA,"30356"
142,Olia,Priest,"515-672-0878",opriest3x@google.de,"64 Fremont Terrace",Des Moines,IA,"50315"
143,Christophe,Mattecot,"281-390-8073",cmattecot3y@opensource.org,"6 Burning Wood Pass",Houston,TX,"77045"
144,Scarface,Learned,"208-262-4552",slearned3z@istockphoto.com,"75 Nelson Circle",Boise,ID,"83727"
145,Margalo,Dumbell,"217-859-6635",mdumbell40@ucsd.edu,"2 Moulton Way",Decatur,IL,"62525"
146,Aube,Rahill,"615-731-9628",arahill41@ca.gov,"38089 Golf Lane",Nashville,TN,"37240"
147,Allie,Rustman,"419-124-8880",arustman42@hexun.com,"0 Fallview Street",Mansfield,OH,"44905"
148,Minta,Burgott,"502-371-1702",mburgott43@weebly.com,"218 Golf Park",Louisville,KY,"40225"
149,Beret,Fronczak,"303-111-2004",bfronczak44@dailymail.co.uk,"35 Derek Hill",Denver,CO,"80243"
150,Brent,Idney,"423-122-2145",bidney45@fema.gov,"5886 Mifflin Drive",Chattanooga,TN,"37410"
151,Nelia,Spicer,"915-270-2751",nspicer46@usa.gov,"1 Goodland Center",El Paso,TX,"88563"
152,Chantal,Staker,"202-362-1636",cstaker47@1und1.de,"6664 Kedzie Road",Washington,DC,"20409"
153,Shaine,Wadesworth,"843-393-7110",swadesworth48@4shared.com,"6830 Grayhawk Place",Myrtle Beach,SC,"29579"
154,Annissa,Lovelace,"713-393-0106",alovelace49@senate.gov,"543 David Circle",Houston,TX,"77085"
155,Bary,Ritson,"702-946-6148",britson4a@discuz.net,"281 Kingsford Avenue",Las Vegas,NV,"89155"
156,Neala,Lazonby,"608-357-6621",nlazonby4b@yale.edu,"732 Eagan Parkway",Madison,WI,"53710"
157,Moss,Kleinstein,"559-325-4901",mkleinstein4c@seattletimes.com,"6 Eastwood Crossing",Fresno,CA,"93762"
158,Zarah,Gemmell,"907-903-0890",zgemmell4d@arstechnica.com,"405 Vernon Way",Juneau,AK,"99812"
159,Danya,Sego,"202-626-2752",dsego4e@omniture.com,"44 Express Plaza",Washington,DC,"20540"
160,Lauraine,Torregiani,"602-540-0518",ltorregiani4f@jiathis.com,"8855 Maple Wood Court",Tempe,AZ,"85284"
161,Erminie,Dunphy,"503-598-7113",edunphy4g@uiuc.edu,"56733 Shoshone Circle",Portland,OR,"97206"
162,Ernaline,Kreber,"303-130-4816",ekreber4h@businessinsider.com,"71 Mockingbird Pass",Denver,CO,"80223"
163,Robby,Danilevich,"404-577-3489",rdanilevich4i@netlog.com,"1 Corry Center",Atlanta,GA,"31132"
164,Clarabelle,Garnall,"763-997-8163",cgarnall4j@biblegateway.com,"6 Everett Drive",Monticello,MN,"55590"
165,Rafe,Brandham,"330-226-2244",rbrandham4k@princeton.edu,"0213 Lighthouse Bay Place",Youngstown,OH,"44555"
166,Ruthie,Tellett,"941-366-1251",rtellett4l@sfgate.com,"6258 Jana Junction",Sarasota,FL,"34276"
167,Cassandra,McLellan,"801-613-7561",cmclellan4m@ask.com,"18147 Kennedy Center",Provo,UT,"84605"
168,Zak,Verdie,"785-648-4824",zverdie4n@miitbeian.gov.cn,"5 Portage Junction",Topeka,KS,"66622"
169,Glad,Hawken,"513-600-5397",ghawken4o@bloomberg.com,"8656 Granby Road",Cincinnati,OH,"45296"
170,Vergil,Chilver,"616-982-8809",vchilver4p@dedecms.com,"57 Bluestem Court",Grand Rapids,MI,"49518"
171,Cornelius,Sibbson,"603-888-8356",csibbson4q@blogtalkradio.com,"874 Bartillon Crossing",Manchester,NH,"03105"
172,Sibyl,Bredes,"626-791-9255",sbredes4r@mlb.com,"51 Stang Terrace",Pasadena,CA,"91109"
173,Moll,Trimme,"850-250-9707",mtrimme4s@unblog.fr,"0501 Westend Parkway",Pensacola,FL,"32520"
174,Selestina,Crebott,"205-686-4918",screbott4t@dmoz.org,"40512 Thierer Drive",Birmingham,AL,"35244"
175,Griff,McCurrie,"714-533-6940",gmccurrie4u@hatena.ne.jp,"49 Straubel Center",Anaheim,CA,"92825"
176,Kermie,Brankley,"775-141-6608",kbrankley4v@vistaprint.com,"97 Straubel Alley",Reno,NV,"89519"
177,Truman,Klosges,"814-850-2653",tklosges4w@census.gov,"77 Charing Cross Crossing",Erie,PA,"16565"
178,Melvin,Mattocks,"857-291-0411",mmattocks4x@tripadvisor.com,"51 Dottie Avenue",Newton,MA,"02458"
179,Lorant,Stollwerk,"352-531-0846",lstollwerk4y@twitpic.com,"98 Bellgrove Circle",Gainesville,FL,"32605"
180,Celestina,Kelway,"907-601-2524",ckelway4z@archive.org,"464 Charing Cross Plaza",Anchorage,AK,"99512"
181,Stephenie,Sidle,"605-210-8731",ssidle50@japanpost.jp,"2114 Merchant Crossing",Sioux Falls,SD,"57105"
182,Romonda,Bluschke,"281-171-2023",rbluschke51@sina.com.cn,"64448 Karstens Crossing",Houston,TX,"77075"
183,Dun,Cartmell,"205-507-8985",dcartmell52@apache.org,"5533 Mariners Cove Terrace",Birmingham,AL,"35225"
184,Devin,Alwell,"682-992-6080",dalwell53@histats.com,"40546 Lotheville Road",Fort Worth,TX,"76192"
185,Shea,Boast,"317-833-3340",sboast54@time.com,"7160 Bonner Avenue",Indianapolis,IN,"46247"
186,Morton,Bretelle,"712-889-0545",mbretelle55@nymag.com,"3 Sloan Point",Sioux City,IA,"51105"
187,Joelie,Ovitz,"213-681-3895",jovitz56@macromedia.com,"6981 Graedel Pass",Los Angeles,CA,"90087"
188,Jamie,Barnwille,"603-780-3365",jbarnwille57@washingtonpost.com,"6 Golden Leaf Point",Portsmouth,NH,"03804"
189,Betteanne,Hulatt,"585-530-0657",bhulatt58@4shared.com,"3 Oakridge Road",Rochester,NY,"14604"
190,Vinnie,Meo,"408-508-9168",vmeo59@buzzfeed.com,"6 Donald Avenue",San Jose,CA,"95108"
191,Consuela,Sawyer,"760-181-8667",csawyer5a@usatoday.com,"12 Lawn Plaza",San Diego,CA,"92121"
192,Brandi,Borsay,"251-825-5553",bborsay5b@tiny.cc,"92 Calypso Hill",Mobile,AL,"36628"
193,Banky,Gyde,"918-750-5577",bgyde5c@indiegogo.com,"87249 Tennessee Road",Tulsa,OK,"74126"
194,Arte,Wrigley,"915-835-1046",awrigley5d@w3.org,"28893 Ramsey Center",El Paso,TX,"79923"
195,Gilligan,Hamblen,"865-600-2619",ghamblen5e@so-net.ne.jp,"41356 Macpherson Pass",Knoxville,TN,"37939"
196,Heath,Poynor,"510-852-7224",hpoynor5f@cnbc.com,"2 Village Park",Oakland,CA,"94622"
197,Perri,Layhe,"301-396-4243",playhe5g@lycos.com,"608 Pepper Wood Way",Bethesda,MD,"20892"
198,Rocky,Garroch,"724-703-7369",rgarroch5h@sina.com.cn,"9 Northridge Trail",Pittsburgh,PA,"15210"
199,Ortensia,Woodham,"216-105-4841",owoodham5i@dropbox.com,"558 Waywood Road",Cleveland,OH,"44130"
200,Freda,Cardon,"951-382-9326",fcardon5j@usa.gov,"25846 Tony Pass",Riverside,CA,"92513"
201,Lorraine,Balshen,"515-511-1393",lbalshen5k@wsj.com,"08 Graceland Trail",Des Moines,IA,"50310"
202,Leticia,Ainsworth,"770-160-1331",lainsworth5l@hugedomains.com,"79491 Waubesa Pass",Atlanta,GA,"31119"
203,Netta,Renhard,"702-567-6342",nrenhard5m@utexas.edu,"3344 Farwell Hill",North Las Vegas,NV,"89087"
204,Gray,Durbin,"850-377-2501",gdurbin5n@pcworld.com,"194 Dovetail Alley",Pensacola,FL,"32526"
205,Bruno,Conford,"706-257-7588",bconford5o@networksolutions.com,"6277 Manitowish Junction",Athens,GA,"30605"
206,Dniren,Heeney,"520-836-3982",dheeney5p@artisteer.com,"82143 Bowman Alley",Prescott,AZ,"86305"
207,Duffy,Jerrold,"478-567-3406",djerrold5q@cam.ac.uk,"7 Vermont Hill",Macon,GA,"31210"
208,Susann,Stidston,"267-753-8667",sstidston5r@netscape.com,"95 Macpherson Point",Levittown,PA,"19058"
209,Ralph,January 1st,"817-740-2828",rjanuaryst5s@slate.com,"87002 American Crossing",Fort Worth,TX,"76105"
210,Malcolm,Hyslop,"904-202-3722",mhyslop5t@amazon.com,"0382 Independence Plaza",Saint Augustine,FL,"32092"
211,Gay,Turban,"331-394-7998",gturban5u@merriam-webster.com,"9430 Victoria Center",Aurora,IL,"60505"
212,Marcello,Dulanty,"336-399-1036",mdulanty5v@shareasale.com,"928 Paget Place",Greensboro,NC,"27409"
213,Mandel,Barme,"303-636-6515",mbarme5w@discuz.net,"1205 Mariners Cove Court",Denver,CO,"80255"
214,Angus,Frie,"719-665-6050",afrie5x@unicef.org,"1929 Harper Drive",Pueblo,CO,"81015"
215,Nerte,Adran,"860-523-6655",nadran5y@nyu.edu,"1402 Superior Drive",Hartford,CT,"06152"
216,Pooh,Allbrook,"704-874-1327",pallbrook5z@diigo.com,"6 Kinsman Crossing",Charlotte,NC,"28284"
217,Alastair,Pietzner,"304-181-9106",apietzner60@europa.eu,"12 Marquette Center",Charleston,WV,"25336"
218,Jackqueline,Armin,"480-912-8568",jarmin61@scientificamerican.com,"1978 Myrtle Crossing",Chandler,AZ,"85246"
219,Barnabe,O'Loinn,"602-417-7937",boloinn62@berkeley.edu,"6376 Katie Street",Scottsdale,AZ,"85260"
220,Logan,Bache,"254-495-4017",lbache63@ca.gov,"15 Waxwing Point",Waco,TX,"76796"
221,Warde,Boteman,"727-407-9870",wboteman64@dyndns.org,"5497 Dawn Center",Saint Petersburg,FL,"33715"
222,Cliff,Vinter,"336-776-8954",cvinter65@usnews.com,"89152 Reinke Road",Greensboro,NC,"27415"
223,Sherm,Fruish,"619-647-6932",sfruish66@sciencedirect.com,"22693 Magdeline Pass",San Diego,CA,"92145"
224,Cindee,Hazell,"417-793-4556",chazell67@reddit.com,"53366 Cambridge Avenue",Springfield,MO,"65898"
225,Claudio,Dyne,"215-178-2922",cdyne68@yahoo.com,"2332 Summerview Circle",Philadelphia,PA,"19196"
226,Mort,Vian,"702-965-8480",mvian69@illinois.edu,"34 Northridge Drive",Las Vegas,NV,"89110"
227,Carlos,Iffland,"302-885-6207",ciffland6a@scribd.com,"514 Stone Corner Street",Newark,DE,"19725"
228,Gisella,Burcher,"212-666-7591",gburcher6b@java.com,"51555 Hanson Plaza",Brooklyn,NY,"11254"
229,Hubert,Krzysztof,"714-121-4833",hkrzysztof6c@seesaa.net,"58 Mifflin Plaza",Fullerton,CA,"92835"
230,Nicolle,Petrovsky,"858-788-2837",npetrovsky6d@usgs.gov,"78 Bonner Trail",Orange,CA,"92668"
231,Hirsch,Meo,"972-320-6355",hmeo6e@cbc.ca,"55483 Gulseth Court",Denton,TX,"76210"
232,Emeline,Lockey,"808-727-4770",elockey6f@mac.com,"28 Sachs Road",Honolulu,HI,"96850"
233,Sean,Roskams,"510-725-8127",sroskams6g@youtube.com,"608 Fairview Alley",Oakland,CA,"94622"
234,Antonella,Hamblett,"813-516-8732",ahamblett6h@prlog.org,"9 Esch Lane",Tampa,FL,"33633"
235,Becka,Stigers,"615-370-3461",bstigers6i@nih.gov,"692 Oak Terrace",Nashville,TN,"37228"
236,Lilith,Mapplethorpe,"714-395-3001",lmapplethorpe6j@webmd.com,"39 International Alley",Fullerton,CA,"92835"
237,Jeremy,Hardiker,"217-924-6433",jhardiker6k@bing.com,"71 Sloan Trail",Decatur,IL,"62525"
238,Suzette,Pollak,"786-655-7871",spollak6l@de.vu,"2 Jenifer Lane",Miami,FL,"33129"
239,Casi,Jonczyk,"513-329-0028",cjonczyk6m@upenn.edu,"681 Pond Pass",Cincinnati,OH,"45213"
240,Shaun,Rutherforth,"503-368-3795",srutherforth6n@163.com,"79568 Fairfield Park",Salem,OR,"97306"
241,Bab,Graves,"212-143-9652",bgraves6o@vimeo.com,"83040 Meadow Vale Alley",New York City,NY,"10090"
242,Bibbie,Honeyghan,"804-656-7298",bhoneyghan6p@discovery.com,"273 Ramsey Drive",Richmond,VA,"23289"
243,Noak,Lebourn,"601-856-4105",nlebourn6q@pinterest.com,"82 Old Gate Pass",Jackson,MS,"39210"
244,Hube,Worster,"502-742-7420",hworster6r@fastcompany.com,"14 Roth Crossing",Migrate,KY,"41905"
245,Lemuel,Kleint,"612-369-9230",lkleint6s@nationalgeographic.com,"135 Upham Alley",Minneapolis,MN,"55470"
246,Jerrome,Gianninotti,"314-356-2062",jgianninotti6t@ucoz.com,"53698 Talisman Hill",Saint Louis,MO,"63110"
247,Lanni,Hacard,"651-395-4716",lhacard6u@vistaprint.com,"7044 Nova Street",Saint Paul,MN,"55146"
248,Shina,Shrieve,"806-111-3038",sshrieve6v@census.gov,"896 Vidon Parkway",Amarillo,TX,"79171"
249,Hilliary,Caw,"601-370-3054",hcaw6w@springer.com,"6 Westerfield Crossing",Jackson,MS,"39204"
250,Dorian,Zeplin,"302-411-4437",dzeplin6x@wiley.com,"01 John Wall Circle",Wilmington,DE,"19897"
251,Walton,Beedom,"330-909-0624",wbeedom6y@moonfruit.com,"63 Charing Cross Lane",Akron,OH,"44305"
252,Reinaldos,MacRierie,"713-508-1146",rmacrierie6z@hibu.com,"483 Northridge Way",Houston,TX,"77271"
253,Konstance,Roddam,"225-262-0995",kroddam70@msn.com,"1 Jenifer Circle",Baton Rouge,LA,"70810"
254,Shaun,Panther,"786-631-4199",spanther71@springer.com,"49 Reinke Plaza",Miami,FL,"33147"
255,Dunstan,Ruddoch,"516-903-1415",druddoch72@wp.com,"721 Sage Avenue",Hicksville,NY,"11854"
256,Helaina,Ghost,"309-200-7620",hghost73@arizona.edu,"8 Jenna Point",Peoria,IL,"61605"
257,Rodrigo,Capp,"559-949-6338",rcapp74@nps.gov,"3552 Sutteridge Trail",Fullerton,CA,"92640"
258,Otis,Wingar,"406-613-3286",owingar75@time.com,"802 Bowman Court",Billings,MT,"59105"
259,Adrea,Amberger,"517-750-6919",aamberger76@dagondesign.com,"7491 Maple Plaza",Lansing,MI,"48919"
260,Frank,Gotcher,"651-595-8477",fgotcher77@wiley.com,"0 Mockingbird Plaza",Saint Paul,MN,"55188"
261,Cristine,Skerratt,"713-543-0632",cskerratt78@ow.ly,"8592 Sullivan Road",Houston,TX,"77260"
262,Danny,Barnard,"909-867-9905",dbarnard79@bbb.org,"54 Lillian Way",San Bernardino,CA,"92424"
263,Ninon,Brownbridge,"806-459-0884",nbrownbridge7a@freewebs.com,"76 Evergreen Street",Amarillo,TX,"79105"
264,Bear,Red,"302-136-0424",bred7b@nasa.gov,"9775 Eagle Crest Park",Wilmington,DE,"19897"
265,Genovera,Charrington,"901-523-5010",gcharrington7c@ehow.com,"4 Bobwhite Point",Memphis,TN,"38181"
266,Alexandre,Murphey,"626-974-5415",amurphey7d@delicious.com,"65711 Maywood Plaza",Los Angeles,CA,"90025"
267,Dall,Schulter,"618-805-6926",dschulter7e@upenn.edu,"99 Almo Avenue",East Saint Louis,IL,"62205"
268,Amara,Dack,"314-125-6787",adack7f@oaic.gov.au,"78009 Waywood Hill",Saint Louis,MO,"63116"
269,Maxy,Brabham,"321-340-9453",mbrabham7g@who.int,"30511 Atwood Road",Orlando,FL,"32808"
270,Laughton,Delacour,"865-353-9331",ldelacour7h@alibaba.com,"42451 Del Sol Road",Knoxville,TN,"37995"
271,Lorilyn,Mullinder,"816-668-5239",lmullinder7i@utexas.edu,"1835 Oxford Park",Kansas City,MO,"64187"
272,Jarad,Wrathmall,"218-570-6535",jwrathmall7j@goo.gl,"78 Beilfuss Hill",Duluth,MN,"55805"
273,Gipsy,Robke,"630-528-6866",grobke7k@chicagotribune.com,"79 Anniversary Way",Naperville,IL,"60567"
274,Arlie,Goullee,"510-899-9725",agoullee7l@sun.com,"22 Fieldstone Drive",Oakland,CA,"94660"
275,Francesca,Loveguard,"816-306-4447",floveguard7m@cnet.com,"243 Mallard Center",Kansas City,MO,"64153"
276,Rriocard,Dowyer,"937-344-6158",rdowyer7n@networkadvertising.org,"2063 Thompson Alley",Dayton,OH,"45490"
277,Oona,Genney,"513-818-0957",ogenney7o@fastcompany.com,"6 Independence Pass",Cincinnati,OH,"45264"
278,Berta,Kovalski,"352-131-5652",bkovalski7p@youtube.com,"237 Mockingbird Place",Brooksville,FL,"34605"
279,Anissa,Sweedy,"918-349-5357",asweedy7q@pen.io,"963 Coleman Parkway",Tulsa,OK,"74149"
280,Craig,Spowage,"414-605-9874",cspowage7r@goodreads.com,"61062 Gulseth Street",Milwaukee,WI,"53277"
281,Adara,Moorrud,"864-101-6228",amoorrud7s@com.com,"3 Carberry Place",Greenville,SC,"29605"
282,Trude,Heritege,"302-655-3096",theritege7t@google.com.hk,"6906 Village Green Circle",Wilmington,DE,"19897"
283,Anne-corinne,Dufaur,"808-658-5886",adufaur7u@thetimes.co.uk,"4123 Vermont Alley",Honolulu,HI,"96810"
284,Law,Rugge,"904-348-0550",lrugge7v@marketwatch.com,"1 Sheridan Lane",Jacksonville,FL,"32225"
285,Reinaldos,Cossentine,"661-826-3720",rcossentine7w@behance.net,"464 Jenna Street",Bakersfield,CA,"93399"
286,Alicea,Moreman,"941-554-8925",amoreman7x@bluehost.com,"293 Rutledge Avenue",Sarasota,FL,"34233"
287,Kerby,Caughey,"615-421-4775",kcaughey7y@cdbaby.com,"44252 Thackeray Avenue",Memphis,TN,"38119"
288,Annmaria,McLeese,"859-534-5657",amcleese7z@gov.uk,"45154 Shelley Circle",Lexington,KY,"40576"
289,Adi,Maciejak,"313-491-0838",amaciejak80@netscape.com,"3 Stone Corner Way",Detroit,MI,"48258"
290,Crawford,Graeme,"318-795-9835",cgraeme81@columbia.edu,"5 Monument Center",Shreveport,LA,"71161"
291,Querida,Wise,"330-771-4448",qwise82@dedecms.com,"071 Bunting Plaza",Akron,OH,"44310"
292,Emery,Hucknall,"215-531-2837",ehucknall83@liveinternet.ru,"485 Dryden Hill",Philadelphia,PA,"19109"
293,Ezequiel,Onians,"212-957-6177",eonians84@dell.com,"7 Mcbride Trail",New York City,NY,"10165"
294,Corby,Seemmonds,"307-945-2446",cseemmonds85@google.ca,"7754 Debra Plaza",Cheyenne,WY,"82007"
295,Colet,Dehn,"432-699-8945",cdehn86@apache.org,"2527 Sundown Plaza",Odessa,TX,"79769"
296,Stinky,Romand,"313-243-2058",sromand87@soundcloud.com,"765 Alpine Trail",Detroit,MI,"48267"
297,Mozes,Noar,"336-727-7335",mnoar88@wikispaces.com,"77 Commercial Plaza",Winston Salem,NC,"27150"
298,Georgeanna,Gash,"513-103-6912",ggash89@webeden.co.uk,"869 Dixon Drive",Cincinnati,OH,"45213"
299,Gilda,Domoney,"325-586-7894",gdomoney8a@reddit.com,"24613 Farwell Pass",Abilene,TX,"79605"
300,Geoff,Hazlehurst,"919-998-9942",ghazlehurst8b@angelfire.com,"9 Cambridge Circle",Raleigh,NC,"27635"
301,Hedvige,Dumphries,"918-575-3201",hdumphries8c@nba.com,"7 Katie Point",Tulsa,OK,"74184"
302,Bailie,Bailles,"404-418-7224",bbailles8d@icq.com,"7139 Nancy Place",Atlanta,GA,"31132"
303,Brigida,Juorio,"215-231-7988",bjuorio8e@oakley.com,"96 Jackson Drive",Philadelphia,PA,"19160"
304,Alair,Scirman,"626-398-6177",ascirman8f@diigo.com,"597 Rockefeller Court",Alhambra,CA,"91841"
305,Ettore,Scadden,"571-908-0839",escadden8g@nationalgeographic.com,"835 Shelley Terrace",Fairfax,VA,"22036"
306,Jaime,Spellar,"785-490-3383",jspellar8h@answers.com,"01655 Weeping Birch Drive",Topeka,KS,"66606"
307,Homere,Aicheson,"360-756-2210",haicheson8i@engadget.com,"0554 Shoshone Point",Seattle,WA,"98166"
308,Shawna,Leonarde,"330-802-4128",sleonarde8j@linkedin.com,"64899 Declaration Alley",Canton,OH,"44760"
309,Nicolai,Schade,"305-670-6382",nschade8k@bbc.co.uk,"27020 Crowley Pass",Naples,FL,"33961"
310,Neila,Cockayme,"213-866-8458",ncockayme8l@eventbrite.com,"15801 Buhler Street",North Hollywood,CA,"91616"
311,Sergent,Kix,"214-615-5011",skix8m@spiegel.de,"6294 Becker Avenue",Dallas,TX,"75265"
312,Florentia,Matic,"402-406-4337",fmatic8n@discovery.com,"7 Lillian Place",Lincoln,NE,"68583"
313,Mattie,Gorriessen,"210-768-9773",mgorriessen8o@disqus.com,"96317 Coleman Terrace",San Antonio,TX,"78220"
314,Stepha,Beert,"814-849-3883",sbeert8p@statcounter.com,"337 Carberry Road",Erie,PA,"16522"
315,Terese,Scalera,"214-687-4728",tscalera8q@freewebs.com,"94 Springview Plaza",Dallas,TX,"75367"
316,Casi,Balmforth,"212-838-6256",cbalmforth8r@hao123.com,"44 Eggendart Point",New York City,NY,"10120"
317,Maxy,Crosswaite,"813-318-7307",mcrosswaite8s@liveinternet.ru,"207 Rutledge Place",Tampa,FL,"33694"
318,Krystle,Barehead,"814-371-0177",kbarehead8t@mac.com,"4 Petterle Junction",Erie,PA,"16505"
319,Gratiana,Brownlee,"478-539-1775",gbrownlee8u@state.tx.us,"0 Leroy Pass",Macon,GA,"31205"
320,Evangeline,Courtney,"971-451-9144",ecourtney8v@yolasite.com,"027 Ryan Pass",Portland,OR,"97271"
321,Axe,Tollerton,"772-461-5459",atollerton8w@amazon.de,"55655 Oak Valley Crossing",Port Saint Lucie,FL,"34985"
322,Bax,Marlow,"503-803-1772",bmarlow8x@hud.gov,"19570 Magdeline Way",Portland,OR,"97216"
323,Laryssa,Huckel,"804-981-6888",lhuckel8y@about.me,"26234 Oneill Place",Richmond,VA,"23289"
324,Sophi,Dunklee,"714-984-7269",sdunklee8z@mit.edu,"2 Carioca Alley",Fullerton,CA,"92835"
325,Mari,O' Mullane,"703-585-9775",momullane90@digg.com,"80 La Follette Parkway",Washington,DC,"20041"
326,Stevy,Kreutzer,"786-228-3243",skreutzer91@state.gov,"46921 Village Green Point",Miami,FL,"33164"
327,Town,Itzcak,"215-939-6449",titzcak92@g.co,"6 Columbus Lane",Philadelphia,PA,"19196"
328,Barney,Clappson,"813-883-2381",bclappson93@nsw.gov.au,"4 Muir Way",Tampa,FL,"33633"
329,Rayna,Chilver,"401-936-1418",rchilver94@dailymail.co.uk,"5 Hagan Avenue",Providence,RI,"02912"
330,Shell,Larimer,"251-434-7990",slarimer95@google.de,"2 Maple Center",Mobile,AL,"36641"
331,Clark,Jouhan,"318-729-9957",cjouhan96@telegraph.co.uk,"0673 Bayside Avenue",Boston,MA,"02104"
332,Fawnia,Brigstock,"678-659-6799",fbrigstock97@guardian.co.uk,"85054 La Follette Road",Decatur,GA,"30089"
333,Elnore,Slyne,"920-514-8810",eslyne98@flickr.com,"06 Hauk Point",Green Bay,WI,"54313"
334,Gerald,Broster,"206-300-3518",gbroster99@unblog.fr,"83 Arizona Park",Seattle,WA,"98115"
335,Kit,Brech,"239-983-6063",kbrech9a@rakuten.co.jp,"6983 Birchwood Terrace",Fort Myers,FL,"33913"
336,Gustav,Tombleson,"205-741-3458",gtombleson9b@com.com,"39876 Brentwood Plaza",Tuscaloosa,AL,"35487"
337,Beryl,O'Currane,"509-959-2402",bocurrane9c@nymag.com,"20155 Lunder Parkway",Spokane,WA,"99260"
338,Osmund,Ramberg,"319-118-8797",oramberg9d@mlb.com,"0157 West Point",Waterloo,IA,"50706"
339,Kelly,Andreaccio,"718-249-0654",kandreaccio9e@redcross.org,"9723 Sunfield Road",Flushing,NY,"11355"
340,Donaugh,Tanzig,"202-863-0874",dtanzig9f@go.com,"182 Badeau Plaza",Washington,DC,"20057"
341,Ashlen,Gaddesby,"917-882-9710",agaddesby9g@fc2.com,"129 Dryden Court",Brooklyn,NY,"11236"
342,Marguerite,Spearett,"602-630-9905",mspearett9h@narod.ru,"0 Buhler Drive",Phoenix,AZ,"85045"
343,Car,Torbeck,"713-331-5828",ctorbeck9i@nymag.com,"624 Little Fleur Pass",Spring,TX,"77388"
344,Roobbie,Tinniswood,"513-552-1395",rtinniswood9j@whitehouse.gov,"36873 Golf Course Circle",Cincinnati,OH,"45213"
345,Tim,Dewdney,"412-270-8753",tdewdney9k@opera.com,"26093 Mandrake Junction",Pittsburgh,PA,"15220"
346,Chas,Shirt,"253-839-3374",cshirt9l@businesswire.com,"0 High Crossing Trail",Tacoma,WA,"98411"
347,Elvira,Snailham,"571-328-8652",esnailham9m@apache.org,"53340 Garrison Alley",Dulles,VA,"20189"
348,Mitchael,Salmond,"251-204-8571",msalmond9n@ovh.net,"216 Fulton Avenue",Mobile,AL,"36670"
349,Nicolas,Abrahamowitcz,"919-162-2321",nabrahamowitcz9o@woothemes.com,"743 Carberry Avenue",Raleigh,NC,"27605"
350,Nikoletta,Brothwell,"248-259-4292",nbrothwell9p@dailymail.co.uk,"14818 Graceland Junction",Farmington,MI,"48335"
351,Horatia,Tunnacliffe,"509-533-9179",htunnacliffe9q@paypal.com,"09260 Spenser Crossing",Spokane,WA,"99260"
352,Audrie,Bakey,"303-841-9353",abakey9r@geocities.jp,"52537 Lawn Place",Denver,CO,"80291"
353,Deerdre,Matzel,"713-762-8595",dmatzel9s@nydailynews.com,"4 Lunder Parkway",Houston,TX,"77206"
354,Suzie,Menhenitt,"210-469-1701",smenhenitt9t@discuz.net,"7 Kinsman Junction",San Antonio,TX,"78291"
355,Milly,Talbot,"214-250-3120",mtalbot9u@cafepress.com,"312 Towne Place",Arlington,TX,"76011"
356,Yehudit,Wilfling,"813-541-7272",ywilfling9v@netvibes.com,"0268 Parkside Lane",Tampa,FL,"33615"
357,Kerstin,Edwick,"509-762-0771",kedwick9w@uiuc.edu,"86556 Charing Cross Lane",Yakima,WA,"98907"
358,Tatum,Semour,"202-837-3125",tsemour9x@ox.ac.uk,"60 Tony Lane",Washington,DC,"20220"
359,Max,Sesons,"757-160-7749",msesons9y@si.edu,"43 Armistice Terrace",Virginia Beach,VA,"23464"
360,Finley,Durtnell,"904-400-9146",fdurtnell9z@nps.gov,"162 Quincy Pass",Saint Augustine,FL,"32092"
361,Lucina,Cisland,"719-394-7381",lcislanda0@indiegogo.com,"10 Sheridan Pass",Pueblo,CO,"81015"
362,Ilse,McCarle,"614-820-2462",imccarlea1@blogspot.com,"5 Forest Dale Hill",Columbus,OH,"43220"
363,Kial,Raft,"202-391-3786",krafta2@timesonline.co.uk,"65 Lakeland Trail",Washington,DC,"20520"
364,Karlotta,Gosson,"813-901-6771",kgossona3@alexa.com,"14114 Melrose Plaza",Tampa,FL,"33673"
365,Jessamyn,Leet,"216-656-4538",jleeta4@blinklist.com,"2 Bluejay Court",Cleveland,OH,"44111"
366,Rooney,Gowthorpe,"513-524-9546",rgowthorpea5@mayoclinic.com,"4860 Calypso Way",Cincinnati,OH,"45296"
367,Collen,Kull,"540-483-0029",ckulla6@trellian.com,"21810 Bartelt Lane",Roanoke,VA,"24020"
368,Jenn,Thyng,"425-841-4218",jthynga7@wp.com,"9537 Mitchell Hill",Seattle,WA,"98140"
369,Rockie,Borel,"970-466-7818",rborela8@sciencedirect.com,"758 7th Way",Fort Collins,CO,"80525"
370,Regine,Emery,"469-422-8655",remerya9@yellowbook.com,"4861 Maple Wood Park",Dallas,TX,"75287"
371,Alf,Mablestone,"609-188-2219",amablestoneaa@drupal.org,"30302 Memorial Plaza",Trenton,NJ,"08638"
372,Ozzy,Farquarson,"720-607-5058",ofarquarsonab@mac.com,"429 Schmedeman Trail",Boulder,CO,"80305"
373,Sileas,Glayzer,"516-655-9992",sglayzerac@opera.com,"3617 Lerdahl Avenue",Port Washington,NY,"11054"
374,Leisha,Lorne,"972-777-0060",llornead@naver.com,"843 Glendale Avenue",Dallas,TX,"75210"
375,Glynn,Lermouth,"714-420-3603",glermouthae@google.co.uk,"244 Carpenter Avenue",Anaheim,CA,"92825"
376,Carlie,Itchingham,"919-858-4355",citchinghamaf@infoseek.co.jp,"85204 Sundown Park",Raleigh,NC,"27621"
377,Dennet,Skase,"215-710-7604",dskaseag@merriam-webster.com,"136 Pawling Terrace",Philadelphia,PA,"19104"
378,Ibrahim,Adamini,"862-902-2680",iadaminiah@wufoo.com,"84185 Di Loreto Alley",Newark,NJ,"07188"
379,Fiona,Crisp,"601-432-3423",fcrispai@whitehouse.gov,"07 Fremont Place",Hattiesburg,MS,"39404"
380,Kele,Askie,"202-888-5841",kaskieaj@whitehouse.gov,"906 Forest Terrace",Washington,DC,"20337"
381,Aube,Hupka,"410-323-8596",ahupkaak@washingtonpost.com,"6 Buell Lane",Baltimore,MD,"21211"
382,Adolpho,Credland,"406-934-7841",acredlandal@businessweek.com,"4601 Prairieview Hill",Bozeman,MT,"59771"
383,Gregg,Tregust,"281-739-8994",gtregustam@indiegogo.com,"618 4th Lane",Katy,TX,"77493"
384,Barri,Samways,"216-967-4599",bsamwaysan@harvard.edu,"12634 Fair Oaks Alley",Cleveland,OH,"44177"
385,Goober,Dimic,"423-826-0720",gdimicao@desdev.cn,"639 Lunder Avenue",Johnson City,TN,"37605"
386,Nye,Vautre,"801-300-0113",nvautreap@4shared.com,"83486 Pearson Way",Salt Lake City,UT,"84130"
387,Evangelin,Braisted,"816-678-8151",ebraistedaq@netlog.com,"935 Holmberg Alley",Kansas City,MO,"64149"
388,Lela,Feldstern,"989-752-5659",lfeldsternar@mail.ru,"37 Hudson Trail",Saginaw,MI,"48604"
389,Natasha,Alred,"205-259-6314",nalredas@answers.com,"86136 Fordem Trail",Birmingham,AL,"35295"
390,Danna,Dever,"415-938-3940",ddeverat@marriott.com,"9276 Mandrake Point",San Francisco,CA,"94137"
391,Fernande,Abrahm,"330-849-5709",fabrahmau@youtube.com,"67 Lotheville Crossing",Canton,OH,"44720"
392,Nicholas,Clewlowe,"203-132-7523",nclewloweav@rambler.ru,"30184 Parkside Alley",Danbury,CT,"06816"
393,Johnnie,Gobel,"717-271-1295",jgobelaw@123-reg.co.uk,"7810 Mendota Park",Harrisburg,PA,"17126"
394,Sigrid,Rule,"240-544-2261",sruleax@plala.or.jp,"8750 Dwight Terrace",Bowie,MD,"20719"
395,Sibley,Kerwen,"860-750-7368",skerwenay@stumbleupon.com,"47588 Sunnyside Street",Hartford,CT,"06140"
396,Niall,Matushevich,"214-621-0091",nmatushevichaz@symantec.com,"999 Bellgrove Terrace",Dallas,TX,"75216"
397,Sherline,Cockman,"805-339-7345",scockmanb0@soundcloud.com,"4248 Brentwood Street",Simi Valley,CA,"93094"
398,Sasha,Durran,"561-999-1845",sdurranb1@google.ru,"857 Roth Street",Boynton Beach,FL,"33436"
399,Linnell,Shirrell,"561-573-9944",lshirrellb2@umn.edu,"282 Stone Corner Crossing",Boca Raton,FL,"33432"
400,Cyb,Blagburn,"704-571-3327",cblagburnb3@sogou.com,"69 Badeau Park",Charlotte,NC,"28289"
401,Raquel,MacFadzan,"920-579-6723",rmacfadzanb4@godaddy.com,"09842 Dawn Plaza",Appleton,WI,"54915"
402,Bayard,Rorke,"410-878-4529",brorkeb5@jiathis.com,"937 Bayside Pass",Baltimore,MD,"21282"
403,Karrie,Henningham,"915-362-4027",khenninghamb6@ycombinator.com,"3507 School Road",El Paso,TX,"88541"
404,Haily,Cayser,"218-132-3117",hcayserb7@google.co.jp,"7 Pennsylvania Parkway",Duluth,MN,"55811"
405,Clay,Rangle,"504-353-7831",crangleb8@example.com,"19 Rieder Crossing",New Orleans,LA,"70160"
406,Frants,Breckell,"830-140-8165",fbreckellb9@google.it,"6158 Farragut Pass",San Antonio,TX,"78230"
407,Dyan,Titchard,"337-558-1806",dtitchardba@mediafire.com,"85 Larry Trail",Lake Charles,LA,"70616"
408,Kelci,Fennell,"847-685-9781",kfennellbb@ifeng.com,"31 Erie Lane",Palatine,IL,"60078"
409,Martyn,Brayson,"205-244-8789",mbraysonbc@whitehouse.gov,"4 Jenifer Alley",Birmingham,AL,"35205"
410,Adella,Challinor,"508-717-6010",achallinorbd@ted.com,"282 Golf Course Drive",Worcester,MA,"01605"
411,Jacintha,Rolin,"775-172-8606",jrolinbe@sfgate.com,"72 Lillian Plaza",Reno,NV,"89505"
412,Jesus,Ledgerton,"415-255-3944",jledgertonbf@virginia.edu,"0 Buell Court",Oakland,CA,"94611"
413,Cameron,Kamien,"203-676-9971",ckamienbg@apple.com,"52 Sunbrook Point",Norwalk,CT,"06854"
414,Craggy,Jancy,"602-717-9215",cjancybh@adobe.com,"71611 Nova Crossing",Phoenix,AZ,"85083"
415,Cecile,Gallihaulk,"904-273-2927",cgallihaulkbi@apache.org,"592 Ridgeview Court",Jacksonville,FL,"32230"
416,Dudley,Dossett,"808-376-3931",ddossettbj@free.fr,"2656 Randy Plaza",Honolulu,HI,"96825"
417,Max,Edson,"859-284-5748",medsonbk@wiley.com,"5 Trailsway Trail",Lexington,KY,"40576"
418,Arnold,Ingry,"432-506-0066",aingrybl@yahoo.com,"29057 Vermont Way",Midland,TX,"79710"
419,Dana,Loosley,"423-773-8983",dloosleybm@miibeian.gov.cn,"19873 Golf Center",Chattanooga,TN,"37405"
420,Mack,Dioniso,"727-759-2177",mdionisobn@toplist.cz,"3474 Farwell Place",Clearwater,FL,"34629"
421,Humfrey,Mountford,"316-304-3998",hmountfordbo@businessweek.com,"090 Hanson Circle",Wichita,KS,"67230"
422,Sinclare,Arrundale,"561-498-2963",sarrundalebp@kickstarter.com,"8579 Cordelia Avenue",West Palm Beach,FL,"33405"
423,Giles,Latch,"305-885-4500",glatchbq@indiegogo.com,"76 Barby Road",Miami,FL,"33261"
424,Matthieu,Sinnett,"305-900-1209",msinnettbr@zimbio.com,"78 Kropf Place",Miami Beach,FL,"33141"
425,Loydie,Boutellier,"714-636-6038",lboutellierbs@instagram.com,"51933 Clemons Circle",San Jose,CA,"95128"
426,Annaliese,Echalier,"408-539-7379",aechalierbt@dropbox.com,"57 Mitchell Street",San Jose,CA,"95133"
427,Giulio,Kock,"360-882-9894",gkockbu@usda.gov,"6059 Swallow Court",Vancouver,WA,"98664"
428,Jobina,Walcot,"312-838-3928",jwalcotbv@angelfire.com,"12 Blue Bill Park Alley",Chicago,IL,"60663"
429,Ad,Lote,"732-769-7592",alotebw@gov.uk,"15475 Homewood Plaza",New Brunswick,NJ,"08922"
430,Mick,McCowan,"937-844-3665",mmccowanbx@adobe.com,"47844 Village Pass",Dayton,OH,"45426"
431,Rayna,MacPeice,"951-161-5136",rmacpeiceby@telegraph.co.uk,"0400 Anzinger Terrace",San Bernardino,CA,"92410"
432,Sidonnie,Rigard,"309-390-0196",srigardbz@fema.gov,"2403 Sunbrook Street",Peoria,IL,"61635"
433,Phebe,Shortell,"720-953-0369",pshortellc0@free.fr,"5584 Tomscot Point",Littleton,CO,"80127"
434,Ed,Kiellor,"303-806-7969",ekiellorc1@ifeng.com,"44 Northwestern Lane",Denver,CO,"80291"
435,Fifine,Pursehouse,"303-942-6385",fpursehousec2@wisc.edu,"09 Blue Bill Park Avenue",Denver,CO,"80255"
436,Paton,Watkins,"757-111-5044",pwatkinsc3@photobucket.com,"703 Reindahl Crossing",Norfolk,VA,"23520"
437,Sophey,Peatman,"803-331-2860",speatmanc4@i2i.jp,"8679 Meadow Ridge Center",Columbia,SC,"29220"
438,Caralie,Pregel,"805-259-7045",cpregelc5@studiopress.com,"82 Helena Street",Santa Barbara,CA,"93150"
439,Cloe,Hare,"501-218-6436",charec6@china.com.cn,"94 Petterle Street",North Little Rock,AR,"72199"
440,Mario,Rawcliffe,"412-431-4914",mrawcliffec7@123-reg.co.uk,"85536 Mockingbird Street",Pittsburgh,PA,"15255"
441,Reginauld,Carefull,"609-688-5652",rcarefullc8@twitter.com,"4916 Brown Street",Trenton,NJ,"08603"
442,Sol,Lambin,"601-453-2191",slambinc9@pen.io,"80854 Prentice Parkway",Jackson,MS,"39282"
443,Carmelita,Marval,"502-394-7898",cmarvalca@spiegel.de,"3 Brentwood Pass",Louisville,KY,"40266"
444,Rudd,Jayme,"508-414-6076",rjaymecb@barnesandnoble.com,"2588 Bowman Avenue",New Bedford,MA,"02745"
445,Deidre,Piquard,"412-274-9359",dpiquardcc@google.es,"06 Vahlen Avenue",Pittsburgh,PA,"15205"
446,Bekki,Brockelsby,"408-580-3679",bbrockelsbycd@pbs.org,"149 Butternut Park",San Jose,CA,"95108"
447,Perice,Sirr,"586-608-0382",psirrce@mit.edu,"040 Banding Park",Detroit,MI,"48211"
448,Irv,Jentges,"918-138-4346",ijentgescf@psu.edu,"97 Trailsway Center",Tulsa,OK,"74156"
449,Alfy,Ascroft,"541-483-2428",aascroftcg@theatlantic.com,"20316 Bultman Court",Eugene,OR,"97405"
450,Marley,Greason,"609-856-8062",mgreasonch@last.fm,"387 Spohn Avenue",Trenton,NJ,"08695"
451,Violetta,Eicke,"305-976-2216",veickeci@businessinsider.com,"17771 Independence Trail",Miami Beach,FL,"33141"
452,Audre,Tohill,"504-490-6039",atohillcj@telegraph.co.uk,"75 Prentice Avenue",New Orleans,LA,"70129"
453,Selie,Mara,"415-201-3924",smarack@imdb.com,"50 Meadow Vale Lane",San Francisco,CA,"94164"
454,Tadeo,Lawman,"505-754-0916",tlawmancl@stumbleupon.com,"807 Westridge Road",Albuquerque,NM,"87121"
455,Dallon,Oliva,"406-855-1020",dolivacm@paypal.com,"234 Sunnyside Trail",Bozeman,MT,"59771"
456,Abey,Shay,"318-399-5566",ashaycn@yelp.com,"0827 Springs Court",Monroe,LA,"71213"
457,Kellia,Veldstra,"507-243-0005",kveldstraco@amazon.com,"6828 Darwin Circle",Rochester,MN,"55905"
458,Ransom,Burdus,"469-784-8260",rburduscp@go.com,"39 Grover Circle",Dallas,TX,"75216"
459,Skylar,Maclean,"717-914-7696",smacleancq@i2i.jp,"8265 Corscot Trail",Harrisburg,PA,"17105"
460,Brandi,Dominichelli,"601-484-8487",bdominichellicr@pagesperso-orange.fr,"428 North Junction",Jackson,MS,"39296"
461,Paquito,Hasluck,"915-929-7350",phasluckcs@gmpg.org,"42022 Oak Valley Park",El Paso,TX,"88519"
462,Si,Westfalen,"360-193-3784",swestfalenct@histats.com,"00781 Thierer Road",Vancouver,WA,"98682"
463,Brendon,Marritt,"985-853-9599",bmarrittcu@unc.edu,"17226 Mcguire Place",New Orleans,LA,"70124"
464,Giselle,Cardow,"334-883-0538",gcardowcv@free.fr,"69721 Lillian Point",Montgomery,AL,"36125"
465,Caz,Frick,"317-647-6583",cfrickcw@imgur.com,"90 Barnett Center",Indianapolis,IN,"46221"
466,Glen,Leedal,"208-232-4717",gleedalcx@usatoday.com,"770 Northfield Drive",Boise,ID,"83727"
467,Kitty,Shird,"913-946-3627",kshirdcy@unicef.org,"290 Eastlawn Junction",Shawnee Mission,KS,"66276"
468,Blithe,Izkovitz,"616-331-1698",bizkovitzcz@hubpages.com,"335 Lien Point",Grand Rapids,MI,"49544"
469,Giuditta,Thomazet,"972-746-3444",gthomazetd0@patch.com,"86 Hallows Drive",Dallas,TX,"75221"
470,Latashia,Gaunter,"781-833-3370",lgaunterd1@yelp.com,"58 Fieldstone Alley",Waltham,MA,"02453"
471,Tommy,D'Almeida,"561-566-1217",tdalmeidad2@parallels.com,"28540 Lakewood Road",West Palm Beach,FL,"33421"
472,Sherline,Harroway,"502-640-2189",sharrowayd3@blogs.com,"57749 Dahle Hill",Louisville,KY,"40293"
473,Misty,Sutcliff,"720-445-5586",msutcliffd4@sciencedaily.com,"600 Eagan Avenue",Denver,CO,"80204"
474,Elfie,Bohman,"319-258-0825",ebohmand5@last.fm,"82503 Northview Street",Waterloo,IA,"50706"
475,Merlina,Prescote,"786-475-7870",mprescoted6@dyndns.org,"7443 Old Shore Terrace",Miami,FL,"33233"
476,Lindi,Gobel,"812-201-2335",lgobeld7@altervista.org,"7 Oakridge Point",Evansville,IN,"47719"
477,Chuck,Viscovi,"502-137-8010",cviscovid8@devhub.com,"851 Oxford Street",Migrate,KY,"41905"
478,Adam,Walewicz,"254-514-6316",awalewiczd9@booking.com,"198 Stuart Terrace",Waco,TX,"76711"
479,Sadye,Borthe,"678-836-4011",sbortheda@ftc.gov,"903 Ronald Regan Lane",Atlanta,GA,"30328"
480,Zacherie,de la Tremoille,"314-281-1795",zdelatremoilledb@apple.com,"4 Randy Road",Saint Louis,MO,"63196"
481,Mae,Cockman,"209-556-0505",mcockmandc@paginegialle.it,"60332 Moose Place",Fresno,CA,"93726"
482,Steffi,Dewerson,"302-155-9363",sdewersondd@guardian.co.uk,"1628 Gateway Terrace",Wilmington,DE,"19810"
483,Margo,McBoyle,"412-557-6101",mmcboylede@disqus.com,"1760 Debra Trail",Pittsburgh,PA,"15225"
484,Skipper,Clother,"617-750-1751",sclotherdf@wunderground.com,"73 Maryland Junction",Waltham,MA,"02453"
485,Ellswerth,Durker,"309-205-7035",edurkerdg@a8.net,"477 Caliangt Terrace",Peoria,IL,"61635"
486,Mitchael,Thornham,"212-935-6366",mthornhamdh@mashable.com,"80 Fisk Way",Jamaica,NY,"11431"
487,Alanson,Kneale,"602-424-3930",aknealedi@fastcompany.com,"379 Eggendart Trail",Phoenix,AZ,"85062"
488,Urbain,Blunsen,"912-455-6065",ublunsendj@privacy.gov.au,"063 Calypso Place",Savannah,GA,"31405"
489,Wilfrid,Dickerson,"813-960-7792",wdickersondk@booking.com,"39 Northview Plaza",Tampa,FL,"33647"
490,Bryana,Lum,"770-256-2607",blumdl@ca.gov,"01809 Jenifer Court",Atlanta,GA,"31119"
491,Ardisj,Janek,"206-199-8606",ajanekdm@irs.gov,"683 Riverside Pass",Seattle,WA,"98104"
492,Patricia,Swainston,"601-217-7500",pswainstondn@cloudflare.com,"596 Mcguire Circle",Jackson,MS,"39210"
493,Abigale,Di Meo,"917-952-3128",adimeodo@taobao.com,"8 Paget Crossing",Jamaica,NY,"11436"
494,Henrik,Heathcott,"816-993-9508",hheathcottdp@rambler.ru,"578 Warner Street",Kansas City,MO,"64153"
495,Heida,Dalgardno,"602-105-1360",hdalgardnodq@mysql.com,"6 Carberry Junction",Glendale,AZ,"85311"
496,Gusta,Brise,"713-981-8562",gbrisedr@liveinternet.ru,"29 Mockingbird Court",Houston,TX,"77090"
497,Justine,Barlas,"971-478-3998",jbarlasds@independent.co.uk,"935 Maple Lane",Portland,OR,"97240"
498,Errol,Maric,"214-847-6017",emaricdt@t.co,"7510 Lawn Lane",Houston,TX,"77005"
499,Auberon,Lopez,"404-587-8073",alopezdu@slashdot.org,"9 Jenna Pass",Atlanta,GA,"30336"
500,Aliza,Binton,"504-903-5573",abintondv@zdnet.com,"9 Sundown Trail",New Orleans,LA,"70154"
501,Burl,Hankey,"706-522-1763",bhankeydw@clickbank.net,"29 Oriole Street",Columbus,GA,"31998"
502,Jenda,Barok,"202-394-5808",jbarokdx@istockphoto.com,"85 Becker Parkway",Washington,DC,"20205"
503,Manuel,Tremellan,"859-868-8562",mtremellandy@imageshack.us,"19 Schlimgen Park",Lexington,KY,"40581"
504,Lexine,MacCostye,"402-536-9194",lmaccostyedz@squarespace.com,"11765 Warner Circle",Lincoln,NE,"68510"
505,Grannie,Jagielski,"314-546-0938",gjagielskie0@sphinn.com,"4 School Street",Saint Louis,MO,"63116"
506,Hedy,Scyone,"609-400-3470",hscyonee1@cnn.com,"761 Mendota Park",Trenton,NJ,"08603"
507,Caralie,Priestnall,"406-418-8709",cpriestnalle2@microsoft.com,"81 Crest Line Hill",Billings,MT,"59105"
508,Eugine,De la Yglesias,"858-141-8271",edelayglesiase3@tripadvisor.com,"8 Emmet Circle",San Diego,CA,"92105"
509,Brocky,Bushell,"862-322-7899",bbushelle4@newyorker.com,"912 Dennis Crossing",Newark,NJ,"07195"
510,Jennee,Weinmann,"954-442-7398",jweinmanne5@cbsnews.com,"77 Golf Road",Miami,FL,"33169"
511,Giorgi,Kildale,"559-163-7407",gkildalee6@indiegogo.com,"236 Petterle Parkway",Fresno,CA,"93715"
512,Myca,Rolley,"682-343-5867",mrolleye7@dion.ne.jp,"39 Jackson Way",Fort Worth,TX,"76198"
513,Pearce,Miskimmon,"763-599-8737",pmiskimmone8@who.int,"86322 Butterfield Hill",Monticello,MN,"55590"
514,Nona,Edgell,"361-114-7151",nedgelle9@ebay.co.uk,"12989 7th Trail",Corpus Christi,TX,"78470"
515,Anna-maria,Koppen,"402-487-6388",akoppenea@sina.com.cn,"468 Hazelcrest Point",Omaha,NE,"68179"
516,Amelita,Mulvaney,"704-899-6747",amulvaneyeb@buzzfeed.com,"74 Barnett Center",Charlotte,NC,"28289"
517,Gerhard,Mularkey,"205-135-3578",gmularkeyec@g.co,"31 Homewood Pass",Birmingham,AL,"35263"
518,Gunner,Sellan,"508-455-7760",gsellaned@nih.gov,"5960 Hintze Avenue",Boston,MA,"02114"
519,Allyn,Hukin,"937-338-7990",ahukinee@indiatimes.com,"61517 Weeping Birch Junction",Dayton,OH,"45440"
520,Bayard,Treagus,"801-985-6688",btreagusef@about.me,"40520 Acker Trail",Salt Lake City,UT,"84130"
521,Thaine,Druhan,"309-743-9272",tdruhaneg@adobe.com,"03 Corscot Way",Peoria,IL,"61640"
522,Marthe,Deesly,"315-207-7352",mdeeslyeh@dedecms.com,"43127 Leroy Parkway",Syracuse,NY,"13205"
523,Gilberto,Tame,"904-538-3872",gtameei@nifty.com,"12 Truax Road",Jacksonville,FL,"32215"
524,Reggi,Plummer,"702-247-3916",rplummerej@state.tx.us,"82 Sherman Terrace",Las Vegas,NV,"89125"
525,Betty,Karpychev,"972-294-8173",bkarpychevek@gov.uk,"053 Hoard Road",Plano,TX,"75074"
526,Holly-anne,Wrotham,"419-352-2448",hwrothamel@google.cn,"73 Huxley Drive",Toledo,OH,"43699"
527,Konrad,Arthurs,"215-713-0958",karthursem@time.com,"95 Vidon Place",Philadelphia,PA,"19115"
528,Salaidh,Mintrim,"404-785-1469",smintrimen@eventbrite.com,"08113 Old Shore Court",Atlanta,GA,"31132"
529,Nanon,Fuge,"516-435-7443",nfugeeo@joomla.org,"3 Butterfield Street",Port Washington,NY,"11054"
530,Britt,Stovold,"573-361-1840",bstovoldep@feedburner.com,"844 Forest Circle",Columbia,MO,"65211"
531,Daveen,Byrch,"814-212-4986",dbyrcheq@123-reg.co.uk,"79 Esker Hill",Erie,PA,"16565"
532,Carl,Fernandes,"214-216-5293",cfernandeser@state.gov,"4944 Evergreen Crossing",Dallas,TX,"75358"
533,Kayla,Caven,"504-846-3277",kcavenes@4shared.com,"33764 Nobel Place",New Orleans,LA,"70187"
534,Farly,Haxell,"916-325-1849",fhaxellet@nifty.com,"10700 Anniversary Alley",Sacramento,CA,"95865"
535,Myrtle,Roizn,"419-355-7963",mroizneu@sciencedirect.com,"01189 Linden Circle",Toledo,OH,"43635"
536,Andie,Scartifield,"320-278-7128",ascartifieldev@tuttocitta.it,"6 Fuller Court",Saint Cloud,MN,"56372"
537,Odetta,Bachelor,"515-452-5125",obachelorew@java.com,"7740 Northland Center",Des Moines,IA,"50362"
538,Haily,Rowlings,"213-502-3047",hrowlingsex@fotki.com,"709 Redwing Crossing",Los Angeles,CA,"90065"
539,Hugh,Simenel,"253-215-1337",hsimeneley@ustream.tv,"103 Hoepker Lane",Seattle,WA,"98121"
540,Daphene,Lampaert,"801-475-7564",dlampaertez@altervista.org,"095 Trailsway Park",Salt Lake City,UT,"84145"
541,Stanislaus,Aked,"518-798-8694",sakedf0@earthlink.net,"9 Melrose Road",Schenectady,NY,"12305"
542,Brunhilda,Sitford,"203-802-0623",bsitfordf1@prlog.org,"0 Eliot Street",Stamford,CT,"06922"
543,Bibbye,Cockman,"801-246-2621",bcockmanf2@hatena.ne.jp,"37 Hooker Crossing",Salt Lake City,UT,"84135"
544,Tiler,Onraet,"419-489-3920",tonraetf3@prnewswire.com,"38611 Little Fleur Drive",Toledo,OH,"43605"
545,Myrna,Mucklo,"812-473-7517",mmucklof4@shutterfly.com,"35394 Jana Crossing",Evansville,IN,"47705"
546,Geoffry,Plumridege,"757-542-0121",gplumridegef5@dailymail.co.uk,"6793 Sunnyside Park",Chesapeake,VA,"23324"
547,Fran,Van de Castele,"605-527-2338",fvandecastelef6@buzzfeed.com,"9442 Scott Court",Sioux Falls,SD,"57188"
548,Margaret,Harbar,"216-783-0719",mharbarf7@is.gd,"30272 Cardinal Street",Cleveland,OH,"44185"
549,Anya,Keyser,"303-582-6729",akeyserf8@aol.com,"271 Oakridge Terrace",Arvada,CO,"80005"
550,Pearle,MacTrustey,"562-476-0553",pmactrusteyf9@un.org,"19 Eastlawn Point",Long Beach,CA,"90840"
551,Zitella,Malling,"907-899-1925",zmallingfa@weibo.com,"0234 Reindahl Way",Anchorage,AK,"99507"
552,Eddy,Duke,"214-995-9605",edukefb@blog.com,"833 Welch Court",Dallas,TX,"75241"
553,Maude,Stadding,"678-663-9517",mstaddingfc@nhs.uk,"087 Hoffman Street",Lawrenceville,GA,"30245"
554,Merola,Valadez,"203-946-5081",mvaladezfd@cpanel.net,"65 Prentice Alley",Danbury,CT,"06816"
555,Karna,McMurrugh,"808-736-1107",kmcmurrughfe@rediff.com,"174 Northridge Way",Honolulu,HI,"96810"
556,Mallorie,Blown,"201-493-2155",mblownff@forbes.com,"22 Banding Point",Jersey City,NJ,"07305"
557,Levin,Shire,"785-845-1887",lshirefg@tripod.com,"58941 Crownhardt Way",Topeka,KS,"66606"
558,Putnem,Pocklington,"765-532-2884",ppocklingtonfh@dedecms.com,"9 Raven Point",Lafayette,IN,"47905"
559,Saidee,Tripp,"360-207-7845",strippfi@globo.com,"49 Mallory Trail",Vancouver,WA,"98682"
560,Phillie,Zienkiewicz,"915-865-9902",pzienkiewiczfj@nydailynews.com,"9330 Dovetail Parkway",El Paso,TX,"79955"
561,Orella,Jaycox,"623-264-9035",ojaycoxfk@typepad.com,"2 Red Cloud Place",Peoria,AZ,"85383"
562,Benedikta,Lurriman,"323-302-5048",blurrimanfl@illinois.edu,"6083 Eagle Crest Road",Los Angeles,CA,"90060"
563,Hunter,Cuttin,"215-755-8255",hcuttinfm@unc.edu,"52776 Hansons Crossing",Philadelphia,PA,"19141"
564,Iormina,Crockford,"971-876-4359",icrockfordfn@flavors.me,"683 Commercial Circle",Portland,OR,"97232"
565,Yvon,Courtonne,"405-722-7465",ycourtonnefo@ning.com,"60279 Judy Place",Oklahoma City,OK,"73190"
566,Melicent,Ivanyutin,"786-859-1595",mivanyutinfp@mapquest.com,"9294 Oneill Crossing",Miami,FL,"33190"
567,Willie,Castana,"334-745-6134",wcastanafq@usatoday.com,"0 Nancy Lane",Montgomery,AL,"36177"
568,Murial,Padberry,"404-680-2969",mpadberryfr@huffingtonpost.com,"4116 International Way",Atlanta,GA,"31165"
569,Kara-lynn,Matthisson,"843-336-9048",kmatthissonfs@purevolume.com,"31218 4th Junction",Florence,SC,"29505"
570,Lilla,Poxton,"513-235-5470",lpoxtonft@bigcartel.com,"9 Northwestern Road",Cincinnati,OH,"45999"
571,Corny,Karlolczak,"215-475-9018",ckarlolczakfu@networksolutions.com,"05 2nd Circle",Philadelphia,PA,"19184"
572,Jemie,Enoksson,"949-818-9213",jenokssonfv@sciencedaily.com,"87343 Springs Road",Santa Ana,CA,"92705"
573,Parker,Presdee,"757-706-4422",ppresdeefw@facebook.com,"33 8th Crossing",Hampton,VA,"23668"
574,Falito,Seefus,"504-168-9496",fseefusfx@cnn.com,"68 Sachtjen Avenue",New Orleans,LA,"70154"
575,Margo,Whyborne,"214-782-6761",mwhybornefy@bravesites.com,"3 Evergreen Alley",Houston,TX,"77005"
576,Cletus,Wychard,"202-744-1863",cwychardfz@cpanel.net,"12000 Hayes Drive",Washington,DC,"20525"
577,Ludvig,Muriel,"301-500-5939",lmurielg0@miibeian.gov.cn,"204 Tomscot Junction",Hyattsville,MD,"20784"
578,Crawford,Ravilious,"713-287-5169",craviliousg1@nsw.gov.au,"432 Sauthoff Circle",Houston,TX,"77075"
579,Salomon,Eggleson,"843-701-1723",segglesong2@accuweather.com,"7495 Vidon Avenue",Myrtle Beach,SC,"29579"
580,Aguistin,Eaves,"904-169-9665",aeavesg3@bing.com,"800 Nancy Court",Jacksonville,FL,"32204"
581,Dar,Borwick,"317-735-9456",dborwickg4@businessweek.com,"95 Bunting Road",Indianapolis,IN,"46278"
582,Oran,Ivanyukov,"734-827-9708",oivanyukovg5@economist.com,"6644 Portage Circle",Detroit,MI,"48242"
583,Hunfredo,Szymanowicz,"513-942-7876",hszymanowiczg6@ezinearticles.com,"87 Cambridge Drive",Cincinnati,OH,"45233"
584,Pate,Sawood,"772-197-1995",psawoodg7@timesonline.co.uk,"0 Larry Park",Vero Beach,FL,"32969"
585,Felicle,Corkan,"303-426-2877",fcorkang8@npr.org,"05023 Ronald Regan Lane",Aurora,CO,"80045"
586,Georgetta,Daltrey,"916-866-7432",gdaltreyg9@aol.com,"69 Shoshone Road",Sacramento,CA,"95838"
587,Blane,Scalia,"786-864-7293",bscaliaga@yandex.ru,"74 Blaine Circle",Miami,FL,"33111"
588,Crosby,Barwis,"217-481-3383",cbarwisgb@typepad.com,"97366 Caliangt Pass",Springfield,IL,"62705"
589,Janeva,Cully,"713-993-8448",jcullygc@washingtonpost.com,"3602 Elgar Road",Humble,TX,"77346"
590,Vance,Sarjant,"505-689-5577",vsarjantgd@pen.io,"8 Summit Center",Albuquerque,NM,"87121"
591,Cathryn,Baseley,"609-586-3674",cbaseleyge@bravesites.com,"012 Superior Pass",Trenton,NJ,"08650"
592,Damon,Skinner,"208-545-0129",dskinnergf@independent.co.uk,"6 Green Crossing",Boise,ID,"83716"
593,Chandal,Rosenblum,"864-568-7567",crosenblumgg@who.int,"52857 Sage Drive",Anderson,SC,"29625"
594,Erica,MacGeaney,"419-278-4259",emacgeaneygh@go.com,"241 Express Alley",Toledo,OH,"43666"
595,Katerine,Trengove,"309-301-3537",ktrengovegi@fema.gov,"425 Dexter Avenue",Peoria,IL,"61640"
596,Wakefield,Buesnel,"502-934-7899",wbuesnelgj@columbia.edu,"1109 Melby Circle",Louisville,KY,"40210"
597,Mavis,Kingsman,"925-701-0197",mkingsmangk@boston.com,"452 Manitowish Park",Concord,CA,"94522"
598,Fidole,Marco,"701-231-7371",fmarcogl@sitemeter.com,"83 Glendale Hill",Fargo,ND,"58122"
599,Markos,Moffat,"434-150-6798",mmoffatgm@ning.com,"90 Basil Avenue",Manassas,VA,"22111"
600,Alexine,Lory,"239-448-9722",alorygn@abc.net.au,"76 Dunning Lane",Fort Myers,FL,"33913"
601,Enoch,McPhillimey,"202-363-6634",emcphillimeygo@mapquest.com,"3 Nelson Terrace",Washington,DC,"20551"
602,Eugine,Cullity,"515-172-8685",ecullitygp@howstuffworks.com,"80288 Continental Street",Des Moines,IA,"50981"
603,Sheela,Dinsell,"585-126-8824",sdinsellgq@latimes.com,"33 Bashford Drive",Rochester,NY,"14639"
604,Rowan,Caston,"859-488-0965",rcastongr@paginegialle.it,"539 Spenser Street",Lexington,KY,"40524"
605,Yvon,Warland,"858-171-2961",ywarlandgs@about.me,"250 Miller Drive",San Francisco,CA,"94121"
606,Conrado,Westrip,"518-940-8162",cwestripgt@imgur.com,"62180 Sunfield Circle",Albany,NY,"12232"
607,Jeremie,Castellini,"484-997-8171",jcastellinigu@surveymonkey.com,"64263 Red Cloud Circle",Reading,PA,"19610"
608,Anatollo,Kasman,"386-470-5771",akasmangv@sphinn.com,"74753 Mockingbird Terrace",Daytona Beach,FL,"32123"
609,Nikolai,Hamlen,"617-328-4699",nhamlengw@theguardian.com,"02766 Scofield Parkway",Boston,MA,"02216"
610,Amandie,Kevern,"816-312-6813",akeverngx@pen.io,"64006 Straubel Way",Kansas City,MO,"64130"
611,Frederique,Cicconetti,"330-399-8416",fcicconettigy@fotki.com,"928 Westerfield Drive",Youngstown,OH,"44505"
612,Henryetta,Serrurier,"727-545-5603",hserruriergz@taobao.com,"2 Village Alley",Clearwater,FL,"34620"
613,Clari,Peirpoint,"585-190-3767",cpeirpointh0@unesco.org,"89277 Grim Park",Rochester,NY,"14609"
614,Hillery,Skivington,"760-722-5281",hskivingtonh1@icq.com,"22 Fordem Lane",Carlsbad,CA,"92013"
615,Justinn,Abbatini,"915-665-4618",jabbatinih2@utexas.edu,"37939 Aberg Plaza",El Paso,TX,"88563"
616,Jemima,Edginton,"915-620-2261",jedgintonh3@dropbox.com,"1079 Summerview Circle",El Paso,TX,"88589"
617,Alex,Pidler,"321-233-5554",apidlerh4@smh.com.au,"672 Sugar Drive",Melbourne,FL,"32941"
618,Julie,Rowat,"608-832-4213",jrowath5@pen.io,"697 Reinke Avenue",Madison,WI,"53779"
619,Auria,Bootherstone,"717-504-7978",abootherstoneh6@cyberchimps.com,"66 Manley Place",Harrisburg,PA,"17110"
620,Sallee,Knuckles,"727-215-3914",sknucklesh7@slate.com,"5 Harbort Drive",Saint Petersburg,FL,"33737"
621,Constancia,Naismith,"918-399-6662",cnaismithh8@youku.com,"3 Lindbergh Drive",Tulsa,OK,"74126"
622,Cynthia,Dorney,"614-317-5197",cdorneyh9@myspace.com,"2130 Gateway Road",Columbus,OH,"43231"
623,Gerhardine,Maplestone,"775-274-2171",gmaplestoneha@canalblog.com,"28 Westerfield Parkway",Carson City,NV,"89706"
624,Ange,Leckie,"513-367-1004",aleckiehb@sohu.com,"71464 Spaight Pass",Cincinnati,OH,"45999"
625,Chas,McCahill,"615-811-7040",cmccahillhc@flickr.com,"0120 Knutson Park",Nashville,TN,"37215"
626,Emmalynn,Nunnerley,"509-139-4099",enunnerleyhd@chronoengine.com,"67 Nancy Terrace",Spokane,WA,"99220"
627,Rowe,Bushen,"515-170-9771",rbushenhe@pen.io,"25 Oneill Park",Des Moines,IA,"50347"
628,Joell,Llewellin,"609-679-1172",jllewellinhf@samsung.com,"8 Northridge Avenue",Trenton,NJ,"08603"
629,Ezekiel,St Quenin,"314-853-5087",estqueninhg@topsy.com,"88113 Northwestern Court",Saint Louis,MO,"63136"
630,Joelynn,Stuffins,"303-850-3202",jstuffinshh@1und1.de,"563 American Lane",Denver,CO,"80241"
631,Aggie,Bridgstock,"915-851-8368",abridgstockhi@blogger.com,"17 Butterfield Crossing",El Paso,TX,"79940"
632,Carie,Farnworth,"816-544-7003",cfarnworthhj@devhub.com,"5 Knutson Center",Kansas City,MO,"64160"
633,Jeramie,Castagnaro,"225-529-2835",jcastagnarohk@lycos.com,"90483 Dennis Court",Baton Rouge,LA,"70836"
634,Carney,Gobell,"404-505-3635",cgobellhl@facebook.com,"5480 Kensington Point",Atlanta,GA,"30386"
635,Guendolen,Vine,"303-968-1021",gvinehm@phpbb.com,"37832 Sauthoff Hill",Denver,CO,"80217"
636,Koralle,Sinnocke,"304-998-5839",ksinnockehn@geocities.jp,"82 Colorado Point",Charleston,WV,"25331"
637,Yancy,Stedell,"830-175-6137",ystedellho@businesswire.com,"1067 Barnett Place",San Antonio,TX,"78245"
638,Dominique,Standish,"812-796-3230",dstandishhp@youtu.be,"7532 Union Drive",Jeffersonville,IN,"47134"
639,Johnathan,Hargess,"305-317-9267",jhargesshq@washingtonpost.com,"79 Melby Park",Miami,FL,"33185"
640,Elmer,Danzig,"702-815-2900",edanzighr@ox.ac.uk,"81853 Meadow Vale Crossing",Las Vegas,NV,"89130"
641,Marlin,Eastcourt,"512-153-1738",meastcourths@ed.gov,"0468 Fair Oaks Court",Austin,TX,"78759"
642,Tabby,Fairhead,"603-156-1860",tfairheadht@adobe.com,"549 Roth Trail",Portsmouth,NH,"00214"
643,Lewiss,Bachmann,"510-321-9989",lbachmannhu@moonfruit.com,"3094 Annamark Hill",Oakland,CA,"94627"
644,Teressa,Aulton,"214-362-2020",taultonhv@bluehost.com,"3045 Riverside Court",Dallas,TX,"75358"
645,Earlie,Jahan,"410-312-4944",ejahanhw@furl.net,"15 Kennedy Way",Ridgely,MD,"21684"
646,Cathee,Chaston,"254-336-6276",cchastonhx@cpanel.net,"320 Bunker Hill Lane",Killeen,TX,"76544"
647,Delmor,Grossman,"203-454-0347",dgrossmanhy@latimes.com,"84 Redwing Circle",Bridgeport,CT,"06673"
648,Stanton,Tungate,"856-555-2783",stungatehz@lulu.com,"2727 International Lane",Camden,NJ,"08104"
649,Gusella,Belchem,"714-612-5121",gbelchemi0@nifty.com,"727 Westridge Court",Santa Ana,CA,"92725"
650,Louisette,Raymond,"719-598-9472",lraymondi1@livejournal.com,"80 Monica Lane",Colorado Springs,CO,"80930"
651,Sebastian,Feldstein,"832-426-0437",sfeldsteini2@behance.net,"636 Schlimgen Lane",Houston,TX,"77055"
652,Antonin,Udell,"209-672-1446",audelli3@salon.com,"04 American Ash Place",Stockton,CA,"95298"
653,Maighdiln,Penswick,"203-942-8141",mpenswicki4@rediff.com,"6045 Arrowood Lane",Fairfield,CT,"06825"
654,Elka,Mawd,"937-737-1795",emawdi5@mediafire.com,"6 Farragut Way",Dayton,OH,"45419"
655,Libbey,Aucoate,"501-545-5570",laucoatei6@tuttocitta.it,"77374 Graedel Avenue",Little Rock,AR,"72204"
656,Clerissa,Champken,"571-907-3402",cchampkeni7@simplemachines.org,"137 Farwell Center",Fairfax,VA,"22036"
657,Richmond,Spurgin,"571-177-0690",rspurgini8@163.com,"48123 Sloan Point",Merrifield,VA,"22119"
658,Rosemary,Watsam,"859-899-9265",rwatsami9@alibaba.com,"5473 Jackson Court",Lexington,KY,"40596"
659,Sara-ann,Nesterov,"412-847-3202",snesterovia@t.co,"03246 Cherokee Place",Mc Keesport,PA,"15134"
660,Edithe,Norster,"806-632-1496",enorsterib@zimbio.com,"282 Hudson Hill",Amarillo,TX,"79118"
661,Nestor,Yearnsley,"202-355-6326",nyearnsleyic@bizjournals.com,"765 Mayer Terrace",Washington,DC,"20220"
662,Anstice,Martins,"716-700-1463",amartinsid@fotki.com,"2 Di Loreto Road",Buffalo,NY,"14225"
663,Gregoire,Cartlidge,"616-722-4750",gcartlidgeie@bluehost.com,"5 Reinke Terrace",Grand Rapids,MI,"49505"
664,Lenard,Polglase,"202-692-1716",lpolglaseif@mediafire.com,"584 Upham Court",Washington,DC,"20268"
665,Stanton,Bisley,"561-994-8309",sbisleyig@drupal.org,"1203 Mallory Road",West Palm Beach,FL,"33411"
666,Lind,Cronshaw,"772-626-6754",lcronshawih@canalblog.com,"2113 Utah Point",Fort Pierce,FL,"34949"
667,Jaimie,Richichi,"414-496-2248",jrichichiii@github.com,"13483 Hoffman Road",Milwaukee,WI,"53285"
668,Evered,Indgs,"508-110-7942",eindgsij@census.gov,"1 Fairfield Way",Boston,MA,"02114"
669,Had,Rantoull,"508-286-2557",hrantoullik@nationalgeographic.com,"754 Reinke Circle",Worcester,MA,"01610"
670,Florie,Glassard,"901-979-4629",fglassardil@sciencedaily.com,"11 Scoville Way",Memphis,TN,"38197"
671,Adria,Savoury,"763-910-0983",asavouryim@wunderground.com,"1056 Merry Center",Monticello,MN,"55585"
672,Shep,Butler,"561-859-2887",sbutlerin@usa.gov,"6 Milwaukee Parkway",West Palm Beach,FL,"33421"
673,Aundrea,Syplus,"702-858-8924",asyplusio@google.co.uk,"8050 Bartelt Drive",Las Vegas,NV,"89166"
674,Hattie,Ecclestone,"718-565-8882",hecclestoneip@hubpages.com,"985 Lyons Trail",Jamaica,NY,"11436"
675,Carney,Moneti,"972-951-8470",cmonetiiq@etsy.com,"02515 Loftsgordon Alley",Dallas,TX,"75236"
676,Danit,Brotherhead,"562-500-4008",dbrotherheadir@stanford.edu,"62 Wayridge Lane",Long Beach,CA,"90805"
677,Penelope,Van de Vlies,"512-701-3670",pvandevliesis@symantec.com,"46 Menomonie Terrace",Austin,TX,"78732"
678,Shalne,Rudeforth,"214-195-6489",srudeforthit@indiatimes.com,"97 Rockefeller Center",Garland,TX,"75044"
679,Vivianna,Charpling,"713-229-8640",vcharplingiu@example.com,"5 Hovde Terrace",Houston,TX,"77288"
680,Ellsworth,Beckenham,"801-419-4000",ebeckenhamiv@smugmug.com,"28121 Arkansas Court",Salt Lake City,UT,"84152"
681,Cherida,Presnall,"314-127-9523",cpresnalliw@tiny.cc,"884 Kenwood Pass",Saint Louis,MO,"63143"
682,Ode,Fitch,"978-666-4996",ofitchix@jimdo.com,"3022 Judy Junction",Boston,MA,"02283"
683,Flynn,Brandt,"913-684-1488",fbrandtiy@nbcnews.com,"5 Northport Hill",Kansas City,KS,"66160"
684,Caren,Harwick,"208-178-7041",charwickiz@umn.edu,"356 Brentwood Alley",Boise,ID,"83722"
685,Breanne,Gronow,"360-816-9020",bgronowj0@quantcast.com,"347 Mosinee Crossing",Olympia,WA,"98506"
686,Earvin,Fetherston,"540-199-2010",efetherstonj1@reuters.com,"858 Harbort Way",Roanoke,VA,"24040"
687,Caren,Lemerle,"718-364-1136",clemerlej2@so-net.ne.jp,"1899 Briar Crest Lane",Brooklyn,NY,"11215"
688,Morgan,Driver,"410-533-7130",mdriverj3@behance.net,"614 Steensland Hill",Annapolis,MD,"21405"
689,Arri,Gilston,"814-930-9444",agilstonj4@stanford.edu,"9 Golf View Hill",Erie,PA,"16534"
690,Marie-jeanne,Ruane,"989-348-2973",mruanej5@issuu.com,"2773 Continental Point",Saginaw,MI,"48609"
691,Kassie,Strutley,"770-317-0466",kstrutleyj6@narod.ru,"97 Vera Parkway",Marietta,GA,"30061"
692,Wendall,Vankin,"571-723-1531",wvankinj7@nytimes.com,"2 Lukken Circle",Alexandria,VA,"22333"
693,Neddy,Scardifield,"316-817-7537",nscardifieldj8@1688.com,"2 Di Loreto Junction",Wichita,KS,"67236"
694,Arlyn,Stuart,"786-819-8059",astuartj9@hugedomains.com,"43 Johnson Street",Miami,FL,"33153"
695,Salvatore,Yeatman,"608-660-4179",syeatmanja@wsj.com,"721 Waywood Pass",Madison,WI,"53716"
696,Brok,Sobczak,"520-517-1775",bsobczakjb@ovh.net,"500 Center Pass",Prescott,AZ,"86305"
697,Redford,Biddell,"412-741-3394",rbiddelljc@mysql.com,"7229 School Plaza",Pittsburgh,PA,"15255"
698,Laurice,Grog,"573-191-9170",lgrogjd@bing.com,"2 Pepper Wood Plaza",Jefferson City,MO,"65110"
699,Clio,MacElharge,"571-270-7172",cmacelhargeje@flavors.me,"41 Northfield Avenue",Ashburn,VA,"22093"
700,Euell,Bliss,"216-411-3175",eblissjf@netscape.com,"58739 Bartillon Alley",Cleveland,OH,"44191"
701,Tanney,Bridgwater,"412-259-1487",tbridgwaterjg@zdnet.com,"0 Morrow Court",Mc Keesport,PA,"15134"
702,Thelma,Stoate,"208-776-8307",tstoatejh@dell.com,"0589 Continental Way",Boise,ID,"83757"
703,Janaya,Sturror,"785-570-3520",jsturrorji@elpais.com,"78744 Sage Avenue",Topeka,KS,"66642"
704,Almira,Shenton,"321-956-2882",ashentonjj@so-net.ne.jp,"99 Westend Hill",Palm Bay,FL,"32909"
705,Mortimer,Pideon,"202-139-7941",mpideonjk@hud.gov,"95 Schlimgen Crossing",Washington,DC,"20540"
706,Vannie,Goldsbrough,"650-475-3150",vgoldsbroughjl@4shared.com,"41176 Brown Avenue",Los Angeles,CA,"90045"
707,Persis,Pluthero,"515-482-6170",pplutherojm@qq.com,"19 Kropf Circle",Des Moines,IA,"50347"
708,Ianthe,Bowlas,"478-483-0288",ibowlasjn@google.co.jp,"24 Mcguire Junction",Macon,GA,"31205"
709,Rosalinde,Biddwell,"213-444-8496",rbiddwelljo@tinyurl.com,"0344 Anzinger Parkway",North Hollywood,CA,"91616"
710,Anatol,Berkowitz,"202-243-4384",aberkowitzjp@studiopress.com,"48 Swallow Crossing",Washington,DC,"20215"
711,Alisa,Swansborough,"916-540-3468",aswansboroughjq@instagram.com,"80 Norway Maple Road",Sacramento,CA,"95865"
712,Natty,Matas,"571-297-8829",nmatasjr@reference.com,"01507 Butternut Alley",Arlington,VA,"22225"
713,Charity,Chick,"219-957-7666",cchickjs@delicious.com,"00808 Carey Trail",Gary,IN,"46406"
714,Tracey,Ramelot,"763-610-6210",tramelotjt@simplemachines.org,"5 Hollow Ridge Place",Saint Paul,MN,"55115"
715,Andy,Hurlin,"805-810-2410",ahurlinju@parallels.com,"3 Monterey Place",Simi Valley,CA,"93094"
716,Obed,Simko,"213-123-2005",osimkojv@liveinternet.ru,"138 Morrow Crossing",Los Angeles,CA,"90050"
717,Patty,Heams,"515-445-7063",pheamsjw@amazon.com,"19 Meadow Ridge Crossing",Des Moines,IA,"50347"
718,Zorah,Danielkiewicz,"405-974-9679",zdanielkiewiczjx@amazon.co.uk,"28930 Pankratz Hill",Oklahoma City,OK,"73104"
719,Kerri,Loos,"915-322-7269",kloosjy@illinois.edu,"3063 Morrow Plaza",El Paso,TX,"79911"
720,Sutton,Jumel,"863-933-6273",sjumeljz@oakley.com,"65 Portage Alley",Winter Haven,FL,"33884"
721,Stanly,Mockett,"801-750-2045",smockettk0@issuu.com,"330 Memorial Terrace",Salt Lake City,UT,"84199"
722,Ervin,Strivens,"717-463-2257",estrivensk1@webnode.com,"42 Stang Avenue",Harrisburg,PA,"17126"
723,Jorry,Palffrey,"513-554-6645",jpalffreyk2@wp.com,"9 Stang Circle",Dayton,OH,"45419"
724,Bartholomew,Audsley,"972-989-3642",baudsleyk3@cocolog-nifty.com,"535 Lakewood Gardens Center",Dallas,TX,"75251"
725,Kennett,Stanway,"541-119-0882",kstanwayk4@jimdo.com,"2225 Fallview Way",Eugene,OR,"97405"
726,Towney,Cosgrove,"515-690-1359",tcosgrovek5@zimbio.com,"277 Westerfield Way",Des Moines,IA,"50362"
727,Rick,Dymocke,"615-185-3766",rdymockek6@disqus.com,"4914 Messerschmidt Point",Nashville,TN,"37245"
728,Tiffani,Schollick,"619-838-6560",tschollickk7@europa.eu,"48348 Transport Terrace",San Diego,CA,"92121"
729,Jarid,Newson,"408-205-5646",jnewsonk8@bluehost.com,"99642 Quincy Crossing",San Jose,CA,"95160"
730,Barney,Summerscales,"915-906-4244",bsummerscalesk9@marketwatch.com,"4686 Maple Place",El Paso,TX,"88541"
731,Meggi,Torbeck,"571-528-2989",mtorbeckka@naver.com,"346 Thierer Road",Dulles,VA,"20189"
732,Dell,Leythley,"615-905-5256",dleythleykb@google.co.uk,"6685 Monterey Circle",Nashville,TN,"37215"
733,Ardath,Fauning,"719-268-2588",afauningkc@huffingtonpost.com,"2868 Hoard Parkway",Pueblo,CO,"81005"
734,Dilly,Ruppel,"417-598-1284",druppelkd@spotify.com,"6435 Cambridge Plaza",Springfield,MO,"65805"
735,Mireielle,Cheevers,"573-959-0254",mcheeverske@smh.com.au,"441 Schurz Way",Jefferson City,MO,"65105"
736,Haskell,Quilkin,"413-814-1982",hquilkinkf@csmonitor.com,"9 Saint Paul Point",Springfield,MA,"01129"
737,Libbie,Skune,"941-306-6600",lskunekg@vimeo.com,"9637 Monument Trail",Naples,FL,"34102"
738,Theadora,Steers,"309-412-1847",tsteerskh@guardian.co.uk,"3679 Beilfuss Drive",Peoria,IL,"61651"
739,Don,Merali,"480-809-6930",dmeraliki@usgs.gov,"3 Golf Plaza",Phoenix,AZ,"85040"
740,Hunfredo,Hudspeth,"318-965-8191",hhudspethkj@facebook.com,"56606 Farwell Crossing",Monroe,LA,"71213"
741,Jada,Durbann,"202-993-6279",jdurbannkk@illinois.edu,"0 Orin Park",Washington,DC,"20337"
742,Hillard,Cornilli,"484-489-8364",hcornillikl@eventbrite.com,"0 Welch Center",Reading,PA,"19605"
743,Maddi,Bilyard,"303-418-5501",mbilyardkm@apache.org,"64370 Hanson Drive",Littleton,CO,"80161"
744,Olly,McGlue,"918-339-7249",omcgluekn@wikispaces.com,"87884 Karstens Plaza",Tulsa,OK,"74184"
745,Berkley,Scotting,"919-932-6950",bscottingko@thetimes.co.uk,"331 Mccormick Circle",Durham,NC,"27717"
746,Terrell,Pigne,"508-438-2278",tpignekp@comsenz.com,"1 Schlimgen Point",Brockton,MA,"02405"
747,Cad,Howse,"808-682-2911",chowsekq@springer.com,"7 Crest Line Circle",Honolulu,HI,"96825"
748,Davidson,Patshull,"915-187-5736",dpatshullkr@sitemeter.com,"66 Hintze Terrace",El Paso,TX,"88525"
749,Trefor,Veazey,"717-864-3178",tveazeyks@odnoklassniki.ru,"0847 Mallard Circle",Harrisburg,PA,"17110"
750,Genevieve,Romera,"205-260-4385",gromerakt@rambler.ru,"462 Roth Junction",Birmingham,AL,"35210"
751,Norbert,Mash,"616-399-9937",nmashku@marketwatch.com,"3457 Welch Plaza",Grand Rapids,MI,"49544"
752,Gay,Cleere,"570-454-7896",gcleerekv@dedecms.com,"0 Nancy Parkway",Wilkes Barre,PA,"18706"
753,Joeann,Cogswell,"812-973-4394",jcogswellkw@desdev.cn,"61 Di Loreto Park",Jeffersonville,IN,"47134"
754,Carol,Earie,"586-500-4021",ceariekx@go.com,"9294 Russell Pass",Detroit,MI,"48211"
755,Felicio,Cantos,"214-197-4908",fcantosky@macromedia.com,"18 Welch Road",Dallas,TX,"75367"
756,Shandy,Moreton,"609-181-9946",smoretonkz@mlb.com,"2 Meadow Valley Place",Trenton,NJ,"08695"
757,Lucilia,Whatsize,"706-787-0124",lwhatsizel0@prnewswire.com,"03 Jana Lane",Athens,GA,"30610"
758,Barnett,Goscar,"305-901-7398",bgoscarl1@ow.ly,"5064 Nancy Plaza",Miami,FL,"33158"
759,Newton,Schott,"907-398-9106",nschottl2@themeforest.net,"24 Victoria Alley",Anchorage,AK,"99522"
760,Zorina,Slafford,"402-910-3744",zslaffordl3@godaddy.com,"8211 Dapin Hill",Omaha,NE,"68164"
761,Hartley,Rosell,"727-675-9744",hroselll4@ted.com,"76796 Tony Court",Largo,FL,"33777"
762,Isabel,Klimas,"513-772-6040",iklimasl5@parallels.com,"486 Waxwing Parkway",Cincinnati,OH,"45296"
763,Darcy,Frederick,"806-272-8988",dfrederickl6@prweb.com,"32957 Independence Hill",Amarillo,TX,"79171"
764,Nowell,Haxley,"801-634-0119",nhaxleyl7@usda.gov,"78 Di Loreto Hill",Salt Lake City,UT,"84115"
765,Brenden,Rolf,"432-692-2593",brolfl8@printfriendly.com,"04660 Shoshone Plaza",Odessa,TX,"79769"
766,Nicola,Glencross,"941-558-9948",nglencrossl9@guardian.co.uk,"94 Jana Parkway",Bradenton,FL,"34210"
767,Mendel,Hukins,"608-386-2765",mhukinsla@list-manage.com,"60062 Canary Avenue",Madison,WI,"53790"
768,Geoff,Trayte,"303-709-7975",gtraytelb@sogou.com,"46659 Arizona Drive",Denver,CO,"80241"
769,Lisette,Burrus,"651-763-3352",lburruslc@salon.com,"57231 Bayside Place",Saint Paul,MN,"55146"
770,Dotti,Bedson,"864-754-4719",dbedsonld@vimeo.com,"1953 Scoville Street",Greenville,SC,"29610"
771,Sarina,Alves,"585-515-0576",salvesle@nytimes.com,"1998 Delaware Street",Rochester,NY,"14609"
772,Virgie,Petersen,"323-770-8835",vpetersenlf@geocities.jp,"820 David Center",Los Angeles,CA,"90094"
773,Nolie,McClay,"336-733-7802",nmcclaylg@mapquest.com,"7 Arrowood Pass",Greensboro,NC,"27415"
774,Caz,McArte,"312-365-5277",cmcartelh@google.com,"2452 Eastwood Court",Chicago,IL,"60686"
775,Anni,Urien,"727-794-2204",aurienli@blinklist.com,"9 Pearson Alley",Saint Petersburg,FL,"33742"
776,Maddie,Andrin,"503-153-0936",mandrinlj@nature.com,"898 Kenwood Way",Portland,OR,"97221"
777,Rasla,Shearman,"480-331-5216",rshearmanlk@goodreads.com,"69 Jenna Lane",Gilbert,AZ,"85297"
778,Vasilis,Gummery,"803-910-0956",vgummeryll@businessweek.com,"82714 Fremont Crossing",Columbia,SC,"29215"
779,Inesita,Tucknott,"225-987-3393",itucknottlm@ask.com,"38540 Sloan Park",Baton Rouge,LA,"70826"
780,Burlie,Thorrington,"615-971-7647",bthorringtonln@marriott.com,"2423 Sachtjen Hill",Nashville,TN,"37215"
781,Ladonna,Balhatchet,"334-478-3741",lbalhatchetlo@stanford.edu,"1359 Grover Avenue",Montgomery,AL,"36177"
782,Malva,Saterthwait,"574-763-2266",msaterthwaitlp@vk.com,"846 Maple Wood Junction",South Bend,IN,"46614"
783,Joseito,Halt,"518-923-2216",jhaltlq@cbc.ca,"6067 Fallview Place",Schenectady,NY,"12325"
784,Cathyleen,Noke,"757-729-5539",cnokelr@friendfeed.com,"0 Florence Parkway",Virginia Beach,VA,"23464"
785,Koral,Colnett,"217-827-0543",kcolnettls@plala.or.jp,"9679 Westend Junction",Springfield,IL,"62718"
786,Alric,Rhelton,"251-664-4638",arheltonlt@cam.ac.uk,"30396 Commercial Crossing",Mobile,AL,"36622"
787,Linette,McGinny,"202-134-3251",lmcginnylu@wordpress.com,"1 La Follette Trail",Washington,DC,"20575"
788,Shawn,L' Estrange,"515-591-8126",slestrangelv@army.mil,"99 Old Gate Parkway",Des Moines,IA,"50320"
789,Audra,Taw,"702-297-4778",atawlw@so-net.ne.jp,"8 Bartelt Place",Las Vegas,NV,"89150"
790,Cristabel,Shepstone,"913-823-1252",cshepstonelx@yandex.ru,"39127 Arrowood Circle",Shawnee Mission,KS,"66220"
791,Gaile,Scinelli,"917-621-9916",gscinellily@dagondesign.com,"618 Crescent Oaks Alley",Bronx,NY,"10474"
792,Quent,Canedo,"585-589-6973",qcanedolz@bloomberg.com,"33313 Cherokee Court",Rochester,NY,"14619"
793,Ashli,Vaughan-Hughes,"214-710-0854",avaughanhughesm0@google.com.au,"351 Mallard Alley",Mesquite,TX,"75185"
794,Armstrong,Bwy,"309-351-9478",abwym1@gnu.org,"91206 Morrow Trail",Peoria,IL,"61635"
795,Nelli,Pigeram,"209-739-5865",npigeramm2@cbsnews.com,"89419 Nancy Court",Stockton,CA,"95210"
796,Oates,Gross,"757-353-8715",ogrossm3@virginia.edu,"9034 Dunning Park",Norfolk,VA,"23514"
797,Emmy,Brandts,"509-403-6709",ebrandtsm4@wp.com,"281 Manley Junction",Spokane,WA,"99260"
798,Tabby,Pennock,"915-679-5230",tpennockm5@odnoklassniki.ru,"97 Vermont Drive",El Paso,TX,"79934"
799,Marillin,Handley,"601-547-8238",mhandleym6@theglobeandmail.com,"6 Northport Pass",Jackson,MS,"39296"
800,Aguste,Gritsunov,"318-201-9913",agritsunovm7@wsj.com,"5 Fordem Road",Shreveport,LA,"71137"
801,Marcie,Setterthwait,"559-574-1597",msetterthwaitm8@biglobe.ne.jp,"949 Birchwood Pass",Fresno,CA,"93750"
802,Patrizia,Shakle,"215-560-8303",pshaklem9@nps.gov,"49 Annamark Trail",Philadelphia,PA,"19141"
803,Celinka,Rosenwasser,"212-656-0956",crosenwasserma@youku.com,"2 Tennyson Alley",Brooklyn,NY,"11247"
804,Tiebold,Koppel,"651-784-6390",tkoppelmb@wired.com,"14156 Carey Avenue",Saint Paul,MN,"55108"
805,Serge,Froome,"917-578-3343",sfroomemc@g.co,"27927 Ramsey Street",Jamaica,NY,"11470"
806,Christin,Boutellier,"304-461-5316",cboutelliermd@goo.gl,"21 Straubel Way",Huntington,WV,"25721"
807,Aluin,Norgan,"915-681-9546",anorganme@berkeley.edu,"919 Lunder Drive",El Paso,TX,"88514"
808,Lanette,Breeze,"314-123-7644",lbreezemf@t.co,"4 Hudson Circle",Saint Louis,MO,"63150"
809,Ondrea,MacNalley,"910-513-9213",omacnalleymg@ft.com,"7839 Crownhardt Court",Wilmington,NC,"28405"
810,Margi,Haggath,"864-713-0799",mhaggathmh@linkedin.com,"8 Springs Road",Greenville,SC,"29615"
811,Trista,Winspire,"713-684-3746",twinspiremi@photobucket.com,"9742 Lyons Crossing",Houston,TX,"77255"
812,Bibi,Malecky,"309-983-0012",bmaleckymj@mapy.cz,"4 Badeau Place",Carol Stream,IL,"60158"
813,Matteo,Holdworth,"443-551-6078",mholdworthmk@blinklist.com,"8422 Paget Circle",Baltimore,MD,"21229"
814,Jesselyn,Oldcote,"305-946-9262",joldcoteml@youku.com,"19693 Dixon Circle",Miami,FL,"33261"
815,Fairlie,Gilfillan,"206-990-0323",fgilfillanmm@yale.edu,"9 Stone Corner Park",Seattle,WA,"98140"
816,Nanon,Brayford,"718-830-2014",nbrayfordmn@reddit.com,"81 Katie Way",Bronx,NY,"10454"
817,Clarice,Wickstead,"915-970-8910",cwicksteadmo@mit.edu,"692 Mosinee Alley",El Paso,TX,"88541"
818,Lauryn,Jennemann,"254-658-0610",ljennemannmp@sakura.ne.jp,"06 Lien Trail",Gatesville,TX,"76598"
819,Aubrie,Joscelin,"317-514-9943",ajoscelinmq@symantec.com,"9 3rd Place",Indianapolis,IN,"46202"
820,Lorine,Adolfson,"605-476-1707",ladolfsonmr@wufoo.com,"346 Knutson Trail",Sioux Falls,SD,"57198"
821,Gabriella,Tredinnick,"702-613-8374",gtredinnickms@github.io,"8777 Continental Alley",Las Vegas,NV,"89193"
822,Appolonia,Goodlud,"937-620-0581",agoodludmt@springer.com,"60 Sherman Court",Dayton,OH,"45432"
823,Joana,Milier,"305-316-6814",jmiliermu@youtube.com,"46 Surrey Alley",Miami,FL,"33134"
824,Bendick,Bartaloni,"302-535-0798",bbartalonimv@squidoo.com,"5829 Larry Court",Newark,DE,"19714"
825,Millard,Conachy,"254-761-9419",mconachymw@npr.org,"67 Mayer Parkway",Waco,TX,"76705"
826,Jeramey,Sacks,"816-841-8236",jsacksmx@pinterest.com,"17 Pepper Wood Way",Kansas City,MO,"64125"
827,Fidole,Titchmarsh,"717-303-3787",ftitchmarshmy@ebay.co.uk,"9654 Annamark Park",Lancaster,PA,"17605"
828,Hedwiga,Yitshak,"248-451-0161",hyitshakmz@netlog.com,"2709 Springview Parkway",Detroit,MI,"48242"
829,Phoebe,Copo,"478-629-1225",pcopon0@princeton.edu,"38797 Old Shore Way",Macon,GA,"31210"
830,Oswell,McKernan,"936-790-6476",omckernann1@amazon.de,"99134 Rusk Place",Houston,TX,"77090"
831,Gallagher,Blaschke,"727-917-3604",gblaschken2@diigo.com,"8660 Esker Street",Clearwater,FL,"33763"
832,Elle,Stillgoe,"571-447-4417",estillgoen3@ezinearticles.com,"082 American Ash Plaza",Reston,VA,"22096"
833,Munmro,Priddis,"702-758-5959",mpriddisn4@naver.com,"9 David Junction",Las Vegas,NV,"89155"
834,Timmy,Clother,"936-468-5750",tclothern5@earthlink.net,"05545 Lyons Alley",Beaumont,TX,"77713"
835,Jacquenetta,Abarough,"303-621-5716",jabaroughn6@amazon.co.uk,"916 Toban Crossing",Aurora,CO,"80044"
836,Xylia,Krauss,"914-649-8167",xkraussn7@google.pl,"37 Crownhardt Hill",Yonkers,NY,"10705"
837,Bobina,Pattison,"219-360-6751",bpattisonn8@prlog.org,"49241 Marquette Trail",Gary,IN,"46406"
838,Estelle,Lidgard,"520-921-2879",elidgardn9@flickr.com,"43 School Hill",Tucson,AZ,"85748"
839,Sally,Finker,"763-779-3202",sfinkerna@alibaba.com,"967 Fuller Pass",Minneapolis,MN,"55412"
840,Nedda,Spaduzza,"915-483-8524",nspaduzzanb@goodreads.com,"2 Maple Street",El Paso,TX,"88584"
841,Katerina,Whapples,"208-815-9248",kwhapplesnc@livejournal.com,"69220 Dayton Hill",Boise,ID,"83722"
842,Currie,Honig,"309-498-5315",chonignd@google.ru,"10842 Swallow Trail",Peoria,IL,"61651"
843,Cyb,Philipeaux,"862-405-2645",cphilipeauxne@addtoany.com,"148 Dapin Terrace",Newark,NJ,"07195"
844,Toddy,Stutt,"321-424-8332",tstuttnf@vk.com,"1 Rockefeller Trail",Palm Bay,FL,"32909"
845,Kellsie,Batterson,"801-286-3971",kbattersonng@soup.io,"6757 Northridge Lane",Salt Lake City,UT,"84110"
846,Odo,Galsworthy,"805-483-8788",ogalsworthynh@soundcloud.com,"52 Golf View Hill",Santa Barbara,CA,"93111"
847,Gilburt,Hakes,"408-168-2268",ghakesni@opera.com,"7449 Bunting Way",San Jose,CA,"95108"
848,Magdalen,Swett,"941-618-7017",mswettnj@about.me,"48457 Canary Alley",Sarasota,FL,"34276"
849,Selene,Lathleiff,"404-185-1653",slathleiffnk@bravesites.com,"1 Thierer Junction",Alpharetta,GA,"30022"
850,Lotta,Whiskin,"518-147-3375",lwhiskinnl@angelfire.com,"0 Vermont Crossing",Albany,NY,"12242"
851,Laverne,Quiney,"208-493-3225",lquineynm@dagondesign.com,"5161 Nancy Junction",Idaho Falls,ID,"83405"
852,Addi,Datte,"234-917-7261",adattenn@hibu.com,"63736 Heath Pass",Canton,OH,"44760"
853,Allistir,Sollitt,"212-703-0623",asollittno@zimbio.com,"7 Elgar Road",Brooklyn,NY,"11254"
854,Amelina,Gilfoyle,"612-130-6370",agilfoylenp@goo.ne.jp,"1724 Mesta Crossing",Minneapolis,MN,"55402"
855,Dorri,Rozec,"757-735-2965",drozecnq@nydailynews.com,"75393 Trailsway Pass",Norfolk,VA,"23509"
856,Lisette,Sunner,"702-640-4762",lsunnernr@vimeo.com,"915 Marquette Court",Las Vegas,NV,"89155"
857,Wilfrid,Clementi,"702-484-6390",wclementins@github.com,"68548 Londonderry Terrace",Las Vegas,NV,"89178"
858,Oren,Carhart,"901-728-8491",ocarhartnt@issuu.com,"6 Luster Drive",Memphis,TN,"38131"
859,Graig,Durgan,"408-374-0769",gdurgannu@vk.com,"4499 Oneill Parkway",San Jose,CA,"95150"
860,Carree,Robeson,"201-783-5442",crobesonnv@bandcamp.com,"07286 Hagan Terrace",Paterson,NJ,"07522"
861,Tamiko,Macak,"918-292-9611",tmacaknw@w3.org,"935 Ludington Lane",Tulsa,OK,"74116"
862,Nicholas,Snellman,"718-853-3324",nsnellmannx@blogtalkradio.com,"0 Lakewood Place",Jamaica,NY,"11470"
863,Ariel,Wickins,"804-135-9728",awickinsny@ucla.edu,"1105 Independence Avenue",Richmond,VA,"23242"
864,Danell,Riding,"602-952-9848",dridingnz@youtu.be,"0 Hayes Trail",Phoenix,AZ,"85025"
865,Minny,Popham,"619-566-7397",mpophamo0@yahoo.com,"50 Mesta Street",San Diego,CA,"92196"
866,Faina,Adanet,"540-548-3505",fadaneto1@ibm.com,"041 Logan Place",Roanoke,VA,"24048"
867,Tatum,Rudham,"203-132-7813",trudhamo2@gov.uk,"0 Twin Pines Junction",New Haven,CT,"06520"
868,Merwyn,Ibert,"907-853-6698",miberto3@umn.edu,"218 Truax Place",Anchorage,AK,"99507"
869,Marlyn,Bortoluzzi,"210-306-2074",mbortoluzzio4@ihg.com,"7 Brickson Park Pass",San Antonio,TX,"78230"
870,Paolo,Sixsmith,"646-860-6230",psixsmitho5@blogger.com,"6330 Garrison Alley",New York City,NY,"10165"
871,Ilise,Rey,"609-398-3838",ireyo6@examiner.com,"5 Bayside Circle",Trenton,NJ,"08650"
872,Marcy,Lyver,"347-808-6795",mlyvero7@miibeian.gov.cn,"86 Crowley Circle",New York City,NY,"10270"
873,Horton,Ragdale,"413-352-9896",hragdaleo8@creativecommons.org,"22007 Shoshone Point",Springfield,MA,"01129"
874,Fransisco,Rosiello,"423-279-3061",frosielloo9@pbs.org,"76949 Twin Pines Trail",Chattanooga,TN,"37416"
875,Ettore,Reide,"801-243-5702",ereideoa@mlb.com,"53279 Village Green Road",Ogden,UT,"84409"
876,Myrna,Rozsa,"571-181-4714",mrozsaob@reuters.com,"11844 Nancy Alley",Dulles,VA,"20189"
877,Ardys,Panniers,"361-534-3456",apanniersoc@unblog.fr,"49 Mesta Hill",Corpus Christi,TX,"78410"
878,Jayson,Heakey,"412-311-0000",jheakeyod@mac.com,"982 Thackeray Parkway",Pittsburgh,PA,"15215"
879,Marcelle,Rispin,"404-569-6964",mrispinoe@go.com,"4 1st Terrace",Atlanta,GA,"30368"
880,Artair,Frape,"804-639-7613",afrapeof@is.gd,"11 Michigan Way",Richmond,VA,"23272"
881,Darleen,Ackers,"913-348-3831",dackersog@nydailynews.com,"5697 Riverside Alley",Shawnee Mission,KS,"66215"
882,Cicely,Canfer,"202-635-4287",ccanferoh@tripadvisor.com,"01673 Roxbury Plaza",Washington,DC,"20546"
883,Hope,MacKimmie,"917-427-2206",hmackimmieoi@blogs.com,"8321 Coleman Point",New York City,NY,"10105"
884,Kay,Brasener,"309-223-1863",kbraseneroj@51.la,"58578 Coolidge Alley",Bloomington,IL,"61709"
885,Brad,Maskell,"571-659-4278",bmaskellok@columbia.edu,"6 Sutteridge Court",Fairfax,VA,"22036"
886,Vonny,Dargavel,"216-651-5107",vdargavelol@japanpost.jp,"56 Commercial Center",Cleveland,OH,"44118"
887,Karilynn,Dalliston,"937-810-3385",kdallistonom@yellowbook.com,"8805 Harper Drive",Dayton,OH,"45470"
888,Catharine,Wallsam,"508-789-1517",cwallsamon@indiegogo.com,"0 Mallory Drive",Brockton,MA,"02305"
889,Annabelle,Cleevely,"952-350-6144",acleevelyoo@bloomberg.com,"89402 Fairview Point",Maple Plain,MN,"55579"
890,Jory,Gregoriou,"504-375-1838",jgregoriouop@live.com,"8824 Goodland Plaza",New Orleans,LA,"70116"
891,Marjie,Roggeman,"520-201-5538",mroggemanoq@buzzfeed.com,"23672 Mcguire Pass",Tucson,AZ,"85720"
892,Helsa,Cains,"614-906-7512",hcainsor@icio.us,"7717 Atwood Alley",Columbus,OH,"43231"
893,Wit,Slay,"321-693-1518",wslayos@amazon.de,"06010 Monterey Parkway",Palm Bay,FL,"32909"
894,Debor,Elkin,"801-276-8164",delkinot@youku.com,"848 Lighthouse Bay Place",Salt Lake City,UT,"84105"
895,Lindi,MacDuff,"203-181-8586",lmacduffou@phoca.cz,"6 Lakeland Hill",New Haven,CT,"06533"
896,Ellen,Sloan,"415-714-4666",esloanov@princeton.edu,"85 Nova Way",San Francisco,CA,"94132"
897,Beryle,McIlvenny,"775-179-2209",bmcilvennyow@networksolutions.com,"0245 Hollow Ridge Trail",Reno,NV,"89519"
898,Letta,Killerby,"209-982-2345",lkillerbyox@netscape.com,"3387 Sheridan Park",Modesto,CA,"95397"
899,Roland,Cesaric,"954-601-3761",rcesaricoy@ocn.ne.jp,"15170 Fulton Lane",Fort Lauderdale,FL,"33305"
900,Cherey,Peploe,"540-153-2630",cpeploeoz@live.com,"58 Paget Crossing",Roanoke,VA,"24020"
901,Dorelle,Stoke,"215-470-9705",dstokep0@europa.eu,"86 Service Way",Philadelphia,PA,"19178"
902,Tate,Cassedy,"912-102-7898",tcassedyp1@wikia.com,"621 Hoffman Parkway",Savannah,GA,"31422"
903,Leif,Olerenshaw,"915-629-1052",lolerenshawp2@shop-pro.jp,"7331 Wayridge Point",El Paso,TX,"88589"
904,Bondon,Freak,"417-318-9534",bfreakp3@cdbaby.com,"4 Veith Terrace",Springfield,MO,"65810"
905,Randene,Rowaszkiewicz,"843-332-6628",rrowaszkiewiczp4@nba.com,"11 Corscot Drive",Florence,SC,"29505"
906,Riordan,Abbatini,"860-244-0764",rabbatinip5@nps.gov,"3526 Nobel Junction",Hartford,CT,"06152"
907,Ebony,Riddich,"205-387-2793",eriddichp6@cam.ac.uk,"7980 Mcguire Junction",Birmingham,AL,"35279"
908,Kettie,Biskupiak,"516-621-1468",kbiskupiakp7@bigcartel.com,"501 Oak Valley Street",Port Washington,NY,"11054"
909,Skippie,Gurys,"313-641-7055",sgurysp8@indiatimes.com,"76623 Bartillon Point",Detroit,MI,"48232"
910,Wang,Burwell,"954-961-4838",wburwellp9@hexun.com,"9 Hoffman Court",Miami,FL,"33180"
911,Kennie,Banham,"314-445-5230",kbanhampa@icq.com,"84 Westport Way",Saint Louis,MO,"63143"
912,Zebulen,Lapthorne,"309-162-5027",zlapthornepb@who.int,"3 Bayside Park",Peoria,IL,"61656"
913,Billie,Yitzhak,"208-424-1622",byitzhakpc@123-reg.co.uk,"0 Monterey Place",Boise,ID,"83757"
914,Julissa,Thome,"914-389-9378",jthomepd@toplist.cz,"12 Lillian Hill",Yonkers,NY,"10705"
915,Obed,Fann,"251-943-7407",ofannpe@bbb.org,"6835 Tomscot Parkway",Mobile,AL,"36605"
916,Wandie,Corro,"408-554-3569",wcorropf@aboutads.info,"76199 Dryden Parkway",San Jose,CA,"95118"
917,Sebastian,Lanigan,"651-147-1487",slaniganpg@nih.gov,"8 Tomscot Drive",Saint Paul,MN,"55114"
918,Barth,Kolinsky,"505-546-0466",bkolinskyph@cnet.com,"2 Talmadge Park",Santa Fe,NM,"87592"
919,Bibbie,McCoid,"901-268-7374",bmccoidpi@tumblr.com,"7944 Toban Crossing",Memphis,TN,"38188"
920,Palm,Ballsdon,"318-151-4600",pballsdonpj@scribd.com,"54573 Cottonwood Drive",Monroe,LA,"71213"
921,Shelby,Petrussi,"561-141-2069",spetrussipk@economist.com,"89 Comanche Drive",West Palm Beach,FL,"33411"
922,Adriane,Cotilard,"901-943-9440",acotilardpl@biglobe.ne.jp,"13 Riverside Hill",Memphis,TN,"38150"
923,Hermann,Giddens,"469-545-6357",hgiddenspm@yandex.ru,"424 Clarendon Alley",Dallas,TX,"75251"
924,Wash,McKinney,"850-878-8234",wmckinneypn@bravesites.com,"5 Bashford Junction",Panama City,FL,"32405"
925,Zelig,Colley,"916-782-9344",zcolleypo@theglobeandmail.com,"4 Clyde Gallagher Lane",Sacramento,CA,"95852"
926,Lewes,Ellesmere,"254-469-8660",lellesmerepp@purevolume.com,"473 Morning Circle",Gatesville,TX,"76598"
927,Sile,Newgrosh,"205-202-3770",snewgroshpq@nifty.com,"301 Scofield Point",Birmingham,AL,"35210"
928,Karyn,Platfoot,"716-562-6957",kplatfootpr@xing.com,"5 Muir Avenue",Buffalo,NY,"14263"
929,Lizzy,Fonso,"210-890-5935",lfonsops@xinhuanet.com,"381 Heath Junction",San Antonio,TX,"78260"
930,Ebeneser,Claypool,"703-341-4055",eclaypoolpt@ebay.com,"6 Kennedy Park",Washington,DC,"20041"
931,Lucina,Ricci,"803-125-4120",lriccipu@cnbc.com,"18926 Green Ridge Alley",Columbia,SC,"29203"
932,Tadio,Linch,"330-815-7996",tlinchpv@dion.ne.jp,"75448 Esker Crossing",Warren,OH,"44485"
933,Rosmunda,Fairham,"432-205-7092",rfairhampw@is.gd,"2 Loomis Avenue",Midland,TX,"79710"
934,Gale,Adair,"253-698-0895",gadairpx@fema.gov,"7662 Rigney Plaza",Tacoma,WA,"98464"
935,Auria,Torrans,"413-489-0524",atorranspy@live.com,"58 North Alley",Springfield,MA,"01105"
936,Bernita,Casper,"503-878-1788",bcasperpz@devhub.com,"016 Badeau Lane",Beaverton,OR,"97075"
937,Kiah,Gozzard,"916-364-9237",kgozzardq0@nba.com,"51578 Armistice Road",Sacramento,CA,"95852"
938,Jaquenetta,Letessier,"404-720-6550",jletessierq1@blogs.com,"5 Lunder Terrace",Atlanta,GA,"30380"
939,Saundra,Ealden,"330-676-4436",sealdenq2@multiply.com,"21 Anniversary Terrace",Akron,OH,"44315"
940,Tirrell,Northcott,"415-775-3943",tnorthcottq3@dedecms.com,"3 Ridgeway Terrace",San Francisco,CA,"94116"
941,Rosamond,Kinnen,"208-337-6482",rkinnenq4@com.com,"714 Veith Avenue",Pocatello,ID,"83206"
942,Talyah,Poland,"310-336-9412",tpolandq5@vkontakte.ru,"17770 Elka Way",Santa Monica,CA,"90410"
943,Norma,Erat,"719-150-6863",neratq6@comcast.net,"30 Texas Street",Colorado Springs,CO,"80910"
944,Dalli,Huelin,"213-798-6813",dhuelinq7@moonfruit.com,"17 Artisan Park",Los Angeles,CA,"90030"
945,Karita,Paxman,"251-671-3138",kpaxmanq8@ustream.tv,"51 Laurel Park",Mobile,AL,"36616"
946,Iona,Mc-Kerley,"317-941-4379",imckerleyq9@lulu.com,"8753 Mitchell Point",Indianapolis,IN,"46254"
947,Jamill,Whittingham,"915-707-7072",jwhittinghamqa@macromedia.com,"46 Elgar Terrace",El Paso,TX,"79923"
948,Gnni,Annis,"240-873-8606",gannisqb@histats.com,"19200 Burrows Way",Frederick,MD,"21705"
949,Archy,Foote,"563-996-2603",afooteqc@craigslist.org,"4 Mayer Trail",Davenport,IA,"52809"
950,Hyacinthie,Lourenco,"678-414-8847",hlourencoqd@hugedomains.com,"740 Lukken Street",Alpharetta,GA,"30022"
951,Lianna,Tomas,"806-958-3339",ltomasqe@twitpic.com,"9866 Bunker Hill Circle",Lubbock,TX,"79491"
952,Sebastian,Guion,"612-800-3728",sguionqf@ycombinator.com,"7212 Lillian Way",Minneapolis,MN,"55417"
953,Ciro,Cockram,"971-212-6877",ccockramqg@discuz.net,"7601 7th Drive",Portland,OR,"97201"
954,Christophe,Cadogan,"919-131-3017",ccadoganqh@wunderground.com,"12920 Dawn Avenue",Raleigh,NC,"27615"
955,Karrah,Mackett,"602-466-4945",kmackettqi@seattletimes.com,"9626 Graedel Point",Phoenix,AZ,"85005"
956,Idelle,Daouze,"786-909-1340",idaouzeqj@omniture.com,"52854 Brickson Park Hill",Miami,FL,"33124"
957,Ophelie,Wilkes,"561-337-7360",owilkesqk@xinhuanet.com,"25 Corben Road",Boca Raton,FL,"33499"
958,Wallace,Arangy,"317-321-2958",warangyql@msn.com,"570 Schurz Park",Indianapolis,IN,"46266"
959,Tiphanie,Eldredge,"225-647-7425",teldredgeqm@goo.gl,"0537 Artisan Way",Baton Rouge,LA,"70826"
960,Guglielmo,Hulkes,"682-150-7577",ghulkesqn@adobe.com,"826 Merrick Terrace",Fort Worth,TX,"76192"
961,Tabbatha,Caulliere,"304-782-6184",tcaulliereqo@earthlink.net,"53321 4th Drive",Charleston,WV,"25313"
962,Lanita,Le Count,"612-385-2529",llecountqp@deliciousdays.com,"362 Summer Ridge Park",Minneapolis,MN,"55417"
963,Abbie,Rupke,"909-377-4709",arupkeqq@hud.gov,"59 Sachtjen Pass",San Bernardino,CA,"92405"
964,Bartolomeo,Varvell,"205-212-6455",bvarvellqr@devhub.com,"471 Delladonna Center",Birmingham,AL,"35254"
965,Sheila,Waplinton,"757-656-8775",swaplintonqs@vkontakte.ru,"268 Northland Alley",Herndon,VA,"22070"
966,Leslie,Reitenbach,"301-345-7275",lreitenbachqt@webeden.co.uk,"58689 Grim Court",Laurel,MD,"20709"
967,Falkner,Riddle,"520-609-5237",friddlequ@jugem.jp,"55251 Rusk Way",Tucson,AZ,"85743"
968,Cherey,Woolhouse,"718-902-2424",cwoolhouseqv@msn.com,"4 Helena Center",Flushing,NY,"11388"
969,Brena,Beddoe,"323-875-2257",bbeddoeqw@vk.com,"629 Arrowood Alley",Los Angeles,CA,"90060"
970,Ardine,Maruska,"971-635-7476",amaruskaqx@sciencedirect.com,"9 Gale Circle",Portland,OR,"97271"
971,Nester,Bourcq,"860-162-4176",nbourcqqy@topsy.com,"049 Rigney Way",Hartford,CT,"06120"
972,Kristos,Willbraham,"415-662-4286",kwillbrahamqz@dion.ne.jp,"86 Tony Junction",San Francisco,CA,"94164"
973,Moishe,Puckey,"910-952-0283",mpuckeyr0@odnoklassniki.ru,"05094 Macpherson Point",Wilmington,NC,"28405"
974,Jennee,Gudeman,"678-125-2463",jgudemanr1@yahoo.co.jp,"31 Gerald Pass",Alpharetta,GA,"30022"
975,Candida,Bridges,"713-893-7359",cbridgesr2@bizjournals.com,"90 Eggendart Pass",Houston,TX,"77060"
976,Skipp,Matthiae,"210-965-4373",smatthiaer3@businessweek.com,"63931 Badeau Drive",San Antonio,TX,"78235"
977,Riane,Jessett,"337-871-6135",rjessettr4@instagram.com,"0305 Rigney Junction",Lake Charles,LA,"70607"
978,Timotheus,Banthorpe,"214-388-8070",tbanthorper5@ifeng.com,"62 1st Court",Mesquite,TX,"75185"
979,Kermy,Oxbe,"843-523-2174",koxber6@whitehouse.gov,"7929 Manufacturers Park",Myrtle Beach,SC,"29579"
980,Griz,Hopkynson,"408-921-5013",ghopkynsonr7@dyndns.org,"2239 Kenwood Hill",San Jose,CA,"95173"
981,Ellen,Skedgell,"571-447-0515",eskedgellr8@multiply.com,"02 Bartillon Parkway",Arlington,VA,"22234"
982,Welsh,Inkpen,"413-319-4401",winkpenr9@reuters.com,"064 Clove Junction",Springfield,MA,"01152"
983,Lolly,Duchesne,"314-555-9696",lduchesnera@cocolog-nifty.com,"47 Heffernan Way",Saint Louis,MO,"63110"
984,Aldous,Fawlks,"253-189-9066",afawlksrb@wp.com,"060 Toban Pass",Lakewood,WA,"98498"
985,Flossy,Faraker,"315-136-9126",ffarakerrc@imgur.com,"0 Bluestem Hill",Syracuse,NY,"13224"
986,Amitie,Kunkel,"318-646-2850",akunkelrd@google.co.jp,"7601 Bayside Way",Shreveport,LA,"71151"
987,Lorens,Dorgon,"520-488-1219",ldorgonre@sfgate.com,"80129 Crest Line Lane",Tucson,AZ,"85743"
988,Katharyn,Tague,"540-156-7879",ktaguerf@gnu.org,"0027 Dorton Lane",Roanoke,VA,"24024"
989,Yardley,Groomebridge,"269-354-2873",ygroomebridgerg@bbb.org,"4 Comanche Hill",Battle Creek,MI,"49018"
990,Jonathan,Zielinski,"510-331-1904",jzielinskirh@cargocollective.com,"04 Anniversary Plaza",Berkeley,CA,"94705"
991,Arnaldo,Wolffers,"916-289-8823",awolffersri@1und1.de,"4933 Butternut Court",Sacramento,CA,"94291"
992,Axe,Braime,"651-574-3136",abraimerj@smugmug.com,"854 Heffernan Road",Saint Paul,MN,"55188"
993,Glori,Seabert,"415-553-2591",gseabertrk@google.co.jp,"6086 Huxley Drive",San Francisco,CA,"94116"
994,Bunny,Yoslowitz,"334-666-6521",byoslowitzrl@craigslist.org,"33 Clove Junction",Montgomery,AL,"36114"
995,Caril,Mayhow,"731-595-1248",cmayhowrm@nps.gov,"867 Judy Drive",Jackson,TN,"38308"
996,Therine,Lacoste,"917-384-1959",tlacostern@alibaba.com,"810 Clemons Hill",Jamaica,NY,"11480"
997,Audra,Tellenbrok,"775-675-6749",atellenbrokro@illinois.edu,"91 Namekagon Terrace",Reno,NV,"89519"
998,Lucas,Findlater,"651-803-9881",lfindlaterrp@java.com,"42714 Meadow Ridge Junction",Minneapolis,MN,"55441"
999,Harcourt,Fodden,"813-689-0041",hfoddenrq@unc.edu,"46 Summer Ridge Pass",Tampa,FL,"33686"
1000,Arden,O'Hartagan,"425-689-1293",aohartaganrr@networksolutions.com,"44502 Cottonwood Hill",Seattle,WA,"98140"
